id,region,event,city,county,name,property,people,description,background,process,follow,vertify,anecdote,latitude,longitude,ls_id,period_order
1,陕西,蓝田人,西安市,蓝田县,蓝田人,古人类遗址,,东亚地区重要的直立人遗址，发现于灞河左岸的公王岭和陈家窝两处地点,第四纪黄土堆积层中发现，与剑齿虎、肿骨鹿等动物化石共存,1963null1964年由中国科学院古脊椎动物与古人类研究所发现，出土包括1具头盖骨、3块颅骨碎片和1颗牙齿的人类化石,1982年国务院公布为全国重点文物保护单位，建立蓝田猿人遗址管理所,铀系法测年约163万年前（争议），古地磁测年约115null70万年前，最新光释光测年支持73万年,头盖骨化石厚度达16毫米，脑容量约780毫升，具有明显原始特征,34.257554,109.507188,1,1
2,陕西,半坡遗址,西安市,灞桥区,半坡遗址,新石器时代聚落遗址,,黄河流域仰韶文化母系氏族社会的典型聚落，面积约5万平方米,1953年西北文物清理队发现，1954null1957年石兴邦主持五次发掘,揭露1万平方米，发现46座房屋基址、200余个窖穴、6座陶窑、250座墓葬，出土上万件石器、骨器和彩陶,1958年建成中国首座遗址博物馆，1961年列入首批全国重点文物保护单位,碳十四测定距今6800null6300年（树轮校正），典型器物组合包含小口尖底瓶、人面鱼纹盆,F41房址现存7层草筋泥烧烤地面，证明多次修缮使用,34.417222,109.098719,2,1
3,甘肃,女娲传说,天水市,秦安县,女娲传说,创世神话体系,女娲,陇右地区流传的创世神话核心，包含补天、造人、置婚姻等元素,与大地湾遗址（7800null4800年前）存在时空关联性，现存明清时期女娲祠庙群,《水经注·渭水》记载：“故女娲祠，秦州治北山”，《秦安志》载明代重建史实,现存陇城女娲祠、女娲洞、风台等遗迹，农历三月十五有公祭活动,皇甫谧《帝王世纪》载：“女娲氏风姓，承庖羲制度”，与大地湾F901大型宫殿式建筑可能相关,秦安方言将“娲”读作“瓜”，与当地“瓜娃娃”（泥偶）民俗相印证,34.90653,105.54545,3,1
4,陕西,仓颉传说,渭南市,白水县,仓颉传说,文字起源传说,仓颉,黄帝时期史官创造文字的传说，现存最早祭祀建筑群,汉代已形成固定祭祀，《淮南子·本经训》载：“昔者仓颉作书而天雨粟，鬼夜哭”,《白水县志》记载：东汉延熹五年（162年）始建庙，现存元、明、清建筑28间,庙内藏有《仓圣鸟迹书碑》等历代碑刻40余通，1983年成立仓颉庙文管所,考古证实甲骨文前有8000年贾湖刻符、半坡陶符等演化序列,正殿“万古一人”匾额为清代陕西巡抚毕沅所题,35.177436,109.412487,4,1
5,甘肃,共工神话,,,共工神话,上古自然灾害记忆,共工,反映史前地质灾害的部落战争神话,《列子·汤问》载：“共工氏与颛顼争为帝，怒而触不周之山”,《淮南子·天文训》详述：“天柱折，地维绝，天倾西北，地不满东南”,与女娲补天传说形成完整叙事链，见于敦煌遗书P.2652《天地开辟以来帝王纪》,不周山地望有祁连山、帕米尔高原、六盘山等多种假说,河西走廊民间至今保留“天爷洞”（共工怒触遗迹）等口头传说,38.508199,100.428219,5,1
6,四川,鲧禹治水,阿坝藏族羌族自治州,汶川县,鲧禹治水,史前洪水治理传说,大禹,大禹出生地及治水传说核心区域,《史记·六国年表》明确记载'禹兴于西羌'，《吴越春秋·越王无余外传》载'家于西羌，地曰石纽'，石纽刳儿坪位于今汶川县绵虒镇,汉代《蜀王本纪》载'禹本汶山郡广柔县人，生于石纽'，唐代《元和郡县志》确认石纽山刳儿坪地理方位,北周天和元年（566年）设汶川县，唐广德元年（763年）建禹庙，清康熙四十八年（1709年）重修禹王宫,汶川刳儿坪现存明代摩崖'禹迹'石刻（成化十九年），清嘉庆《汶志纪略》详载祭祀传统；现代学者徐中舒考证羌族白石崇拜与禹生传说关联,羌族释比经典《木姐珠》记载大禹治水神话，当地至今保留农历六月初六祭祀习俗,31.140569,103.48283,6,1
7,陕西,甘之战,西安市,鄠邑区,甘之战,王权确立战争,夏启,夏启征伐有扈氏的关键战役,《尚书·甘誓》为现存最早的战争动员令，记载'大战于甘，乃召六卿',《史记·夏本纪》载'启遂即天子位，有扈氏不服，启伐之，大战于甘'，战场在今鄠邑区甘亭镇,确立夏朝世袭制度，《淮南子·齐俗训》称'有扈氏为义而亡',《水经注·渭水》明载'甘水出南山甘谷，北经甘亭西'，与鄠邑区地理吻合；2012年甘河流域发现二里头文化时期陶片堆积,鄠邑区现存清代'有扈氏国'碑（乾隆四十六年立），载'甘之战古战场',34.113209,108.617168,7,1
8,陕西,城固青铜器群,汉中市,城固县,城固青铜器群,商代方国考古遗存,,长江流域最大商代青铜器窖藏,1976年宝山镇苏村发现，共出土青铜器486件，包括礼器、兵器、工具,出土兽面纹尊（高51.5厘米）、双耳簋（口径26厘米）等典型商器，戈矛兵器占比63%,证实商文化经汉水走廊向西南传播，与三星堆文化存在交流（青铜人面具相似度达78%）,碳十四测定窖藏年代为殷墟二期（约公元前1250年），铜器铅同位素分析显示矿源来自江西瑞昌,出土'亚伐'铭文铜器与殷墟妇好墓'亚弜'器存在族属关联,33.120879,107.175307,8,1
9,陕西,国人暴动,西安市,长安区,国人暴动,政治革命事件,周厉王,中国首次民众武装起义,《史记·周本纪》载'厉王即位三十年，好利，近荣夷公',公元前841年镐京平民攻破王宫，厉王奔彘（今山西霍州），《竹书纪年》载'彘之乱，公卿相与和而修政，号曰共和',开启14年共和行政（前841null前828），中国历史确切纪年始此,清华简《系年》第三章证实'厉王大虐于周，卿李、诸正、万民弗刃于厥心'的暴动细节,西周墙盘铭文（史墙盘）隐晦记载'弘鲁昭王，广笞荆楚，唯狩南行'，回避厉王失政,34.259695,108.784514,9,1
10,甘肃,潶伯墓,平凉市,灵台县,潶伯墓,西周封国遗存,潶伯,泾渭上游重要西周封国,1967年白草坡发现西周墓群，M1出土'潶伯作宝尊彝'铭文青铜器,墓葬出土青铜礼器23件、兵器156件，包含带銎戟（中国最早戟形制）,证实周穆王时期对陇东的控制，《穆天子传》载'至于雷首，犬戎胡觞天子于雷水之阿',墓中青铜鼎碳十四测定为公元前950±30年，与穆王西征时间吻合,M2出土青铜头盔（高23.5厘米）为中国现存最早金属头盔,34.9534,107.29572,10,1
11,甘肃,犬戎灭周,庆阳市,宁县,犬戎灭周,外族入侵事件,周幽王,西周王朝终结之战,《史记·周本纪》载'申侯怒，与缯、西夷犬戎攻幽王',公元前771年犬戎联军破镐京，杀幽王于骊山，虏褒姒,平王东迁雒邑，秦襄公因护驾受封诸侯,宁县庙嘴坪遗址出土西周晚期'师同鼎'，铭文记载'俘戎金胄卅、戎鼎廿'的作战记录,《诗经·秦风·无衣》'王于兴师，修我戈矛'反映秦人抗戎背景,35.502716,107.923602,11,1
12,陕西,平王东迁,西安市,,平王东迁,政治迁都,周平王、秦襄公,周平王将都城从镐京（今陕西西安）东迁至洛邑（今河南洛阳）。,西周覆灭后，犬戎威胁关中，秦襄公护驾有功获封诸侯。,前770年，周平王在秦、晋、郑等国护卫下，放弃宗周故地迁都成周。,秦国正式成为诸侯，获得岐山以西封地（今陕西宝鸡地区）。,《史记·周本纪》《秦本纪》记载明确，但考古显示镐京毁于西周晚期战火，与文献时间存在十年误差（存疑）。,秦襄公所获封地为“岐以西之地”，实控区仍被戎人占据，需自行夺取。,34.113209,108.617168,12,1
13,陕西,携王余臣,,,携王余臣,二王并立,周携王、周平王,虢公翰拥立周幽王弟余臣为携王，与周平王并立二十一年。,西周灭亡后诸侯分裂，晋文侯杀携王结束二王局面。,前770null750年，携王政权可能控制关中部分地区，但具体地域无考。,前750年晋文侯杀携王，《竹书纪年》称“周二王并立”终告结束。,《清华简·系年》证实携王存在，但活动范围是否包含今陕西存争议。,《左传》刻意隐去携王记载，可能因晋国弑君行为需要避讳。,34.336074,108.710914,13,1
15,陕西,商鞅变法,商洛市,,商鞅变法,政治经济改革,秦孝公、商鞅,秦国实施以法治国、奖励耕战为核心的大规模改革。,秦献公时期初步改革后，秦孝公继位（前361年）发布《求贤令》，意图富国强兵。,前359年（第一次变法）推行什伍连坐、军功授爵；前350年（第二次变法）迁都咸阳、废井田、行县制。,秦国迅速崛起，但商鞅被车裂（前338年），其法不改。,《史记·商君列传》与云梦秦简《商君书》残篇互证，但咸阳宫遗址考古显示迁都时间或早于文献记载（存疑）。,商鞅渭水论法，一日处决七百余人，“渭水尽赤”见于《战国策》，但考古未发现大规模刑场遗迹。,33.590962,109.645884,15,1
16,陕西,河西之战,渭南市,,河西之战,领土争夺战,吴起（魏）、秦简公,魏国夺取秦国河西地区（今陕西东部黄河西岸）的系列战役。,魏文侯任用吴起改革军事，秦国因内乱衰弱。,前419年魏筑少梁城（今韩城），前413年吴起攻至郑（今华县），前409年完全控制河西。,秦国退守洛水（今陕西富县），魏设西河郡，吴起任太守。,《史记·魏世家》记载，但秦简《编年记》显示部分战役时间需修正（如少梁之战应为前417年）。,吴起与士卒同衣食，有士兵患疽，吴起亲为吮脓，其母闻之而泣。,34.505904,109.504702,16,1
18,四川,都江堰修建,成都市,都江堰市,都江堰修建,水利工程,李冰（蜀郡守）,系统性治理岷江水患，创建无坝引水工程。,秦并巴蜀后需开发成都平原，解决岷江周期性泛滥问题。,约前256null前251年，采用“深淘滩、低作堰”原则，建鱼嘴分水、飞沙堰排沙、宝瓶口引水三大主体工程。,灌溉面积达300万亩，成都平原“水旱从人，不知饥馑”，至今仍在使用。,《史记·河渠书》记载简略，1974年出土东汉李冰石像（现存都江堰伏龙观）证实其历史地位。,民间传说李冰父子化身为牛与江神角斗，现存伏龙观“铁牛”为明代遗物。,31.113928,103.647301,18,1
19,陕西,荆轲刺秦王,咸阳市,,荆轲刺秦王,政治刺杀,荆轲、嬴政（秦始皇）、燕太子丹,燕国派遣荆轲以献图为名刺杀秦王嬴政,秦国东进灭赵后逼近燕国，太子丹策划刺杀以延缓秦军攻势,前227年，荆轲携樊於期首级及燕督亢地图入秦，图穷匕见时行刺未遂，被击杀于咸阳宫,秦王震怒，次年（前226年）派王翦攻破燕都蓟城，燕王喜逃往辽东,《史记·刺客列传》详载，咸阳宫遗址发现大型夯土台基（编号1号建筑基址）可能与事件发生地相关,秦舞阳在殿前色变振恐，荆轲笑称“北蕃蛮夷之鄙人，未尝见天子”,34.330631,108.704441,19,1
20,陕西,骊山陵,西安市,,骊山陵,帝王陵墓修建,秦始皇,秦始皇动用数十万刑徒修建骊山陵（今陕西西安临潼区），历时39年。,秦始皇即位后即开始修建陵墓，体现「事死如事生」观念。,征发全国劳役，采用「鱼膏烛」「水银江河」等复杂工艺，陵区面积达56.25平方公里。,工程持续至秦亡，项羽曾掘毁部分地面建筑；1974年发现兵马俑坑。,《史记·秦始皇本纪》明确记载，考古发现与文献高度吻合。,《汉书》载骊山陵修建者「七十余万人」，但现代学者认为实际动用人力存在阶段性波动。,34.113209,108.617168,20,2
23,陕西,焚书坑儒,咸阳市,,焚书坑儒,文化专制事件,秦始皇、李斯,前213年焚毁民间《诗》《书》等典籍，前212年坑杀方士儒生四百六十余人。,加强思想控制，消除六国复辟思想基础。,焚书令在咸阳宫朝议中提出，全国范围收缴焚烧；坑儒发生在咸阳郊外。,先秦典籍严重散佚，汉代口传文献与孔壁藏书成为恢复源头。,《史记·秦始皇本纪》明确记载，但「坑儒」对象是否全为儒生存在争议（或有方士为主）。,孔鲋将《尚书》《论语》等藏于孔宅墙壁，汉景帝时重现（孔壁古文）。,34.330631,108.704441,23,2
24,甘肃,北击匈奴（陇西段）,,,北击匈奴（陇西段）,对外战争,蒙恬,前215null前214年，蒙恬率军驱逐匈奴，收复河南地（河套），并在陇西（今甘肃东部）设防。,消除匈奴对关中西北部的威胁。,主力作战集中于阴山null河套，分兵控制陇西狄道（今甘肃临洮）等要地。,设陇西、北地等郡，移民实边；但秦亡后匈奴复夺河南地。,《史记·匈奴列传》载「西北斥逐匈奴」，具体在甘肃境内的军事行动规模存疑。,秦长城西段沿用战国秦昭襄王长城，今甘肃临洮县现存夯土城墙遗迹。,38.508199,100.428219,24,2
25,陕西,戏亭分封,西安市,,戏亭分封,政治分封事件,项羽,项羽在戏亭（今陕西西安临潼区）分封十八路诸侯，确立西楚霸权。,巨鹿之战后项羽掌握军政大权，以分封取代秦朝郡县制。,前206年，项羽尊楚怀王为义帝，自封西楚霸王，将刘邦封为汉王于汉中（今陕西汉中）。,分封不均引发诸侯矛盾，直接导致楚汉战争。,《史记·项羽本纪》明确记载分封地点为「戏下」；今临潼区新丰镇有戏水遗迹，学界普遍采信。,项羽将关中三分予秦降将章邯、司马欣、董翳，称「三秦」，此称谓沿用至今。,34.113209,108.617168,25,2
26,陕西,暗渡陈仓,宝鸡市,,暗渡陈仓,军事战略行动,刘邦、韩信,刘邦从汉中出师反攻关中，明修栈道迷惑章邯，主力暗度陈仓（今陕西宝鸡）。,刘邦受封汉王后意图东进，需突破三秦封锁。,前206年，韩信派兵佯修褒斜道，主力经故道突袭陈仓，击溃章邯。,揭开还定三秦序幕，汉军迅速控制关中。,《史记·高祖本纪》与《汉书》记载一致，但具体行军路线存在「故道」「陈仓道」两种说法争议。,「明修栈道，暗度陈仓」成为经典兵法案例，但学者指出此成语首见于元代杂剧，非汉代原始表述。,34.377266,107.15567,26,2
27,陕西,还定三秦之战,多市,,还定三秦之战,系列战役,刘邦、韩信、章邯,汉军击败三秦（雍王章邯、塞王司马欣、翟王董翳），夺取关中。,项羽分封引发刘邦不满，汉中地理闭塞需夺取关中为根据地。,前206null前205年，通过陈仓突袭、废丘围城（今陕西兴平）、好畤之战（今陕西乾县）等战役逐步控制关中。,刘邦获得关中粮草兵源，奠定与项羽争霸基础。,《史记·高祖本纪》详载战事，但「三秦」实际控制范围存在争议，部分学者认为陇西（今甘肃东部）部分地区仍在章邯势力影响下。,章邯困守废丘十个月，汉军引水灌城方破，为秦汉时期罕见水攻战例。,22.928833,112.425693,27,2
28,陕西,张骞通西域,西安市,,张骞通西域,外交与地理探索,张骞,张骞两次出使西域，开辟汉朝与西域诸国的联系，起点为长安（今陕西西安）。,汉武帝为联合大月氏夹击匈奴，派遣张骞出使。,前138年、前119年两次从长安出发，经陇西（今甘肃临洮）穿越河西走廊，被匈奴扣留十余年，最终抵达大宛、康居等地。,促成丝绸之路正式开通，汉朝设立河西四郡。,《史记·大宛列传》详载行程，但西域具体路线细节存在争议。,张骞归汉后向武帝报告「身毒（印度）有大夏属国」，推动西南夷探索。,34.113209,108.617168,28,2
30,陕西,霍光辅政,西安市,,霍光辅政,政治权力运作,霍光、汉昭帝,霍光以大将军身份在长安总揽朝政，延续昭宣中兴。,汉武帝临终托孤，命霍光辅佐幼主。,霍光通过「盐铁会议」调整政策，平定燕王刘旦之乱，维持长安政局稳定。,霍氏家族专权引发宣帝清算，最终族灭。,《汉书·霍光传》记载详尽，但霍光是否刻意压制宣帝存在不同解读。,「芒刺在背」典故出自汉宣帝对霍光的畏惧。,34.113209,108.617168,30,2
31,陕西,盐铁论,西安市,,盐铁论,经济政策辩论,桑弘羊、贤良文学,在长安召开的国策辩论会，讨论盐铁专营存废。,汉武帝后期财政枯竭，霍光试图调整经济政策。,前81年，各地儒生六十余人赴长安与桑弘羊辩论，内容涉及平准、均输等制度。,保留酒类专卖，部分放松盐铁控制；会议记录由桓宽整理为《盐铁论》。,会议实际决策权在霍光手中，辩论可能仅为形式。,贤良文学批评「陛下损膳省宰以恤元元」却「民犹饥寒」，反映社会矛盾。,34.113209,108.617168,31,2
33,陕西,赤眉军入长安,西安市,,赤眉军入长安,农民起义与政权更迭,赤眉军、刘盆子,赤眉军攻占新朝都城长安（今陕西西安），拥立刘盆子为帝。,王莽改制激化社会矛盾，赤眉军自山东起兵西进。,23年昆阳之战后，赤眉军分两路西征，25年攻入长安，焚毁宫室。,关中饥荒，赤眉军东撤遭刘秀伏击覆灭。,《汉书·王莽传》《后汉书·刘盆子传》记载明确，但赤眉军具体入城时间存在月差争议（《资治通鉴》系于九月，《后汉书》系于十月）。,赤眉军以「杀人者死，伤人者偿创」为口号，但入长安后纪律涣散。,34.113209,108.617168,33,2
34,甘肃,汉羌战争,,,汉羌战争,民族军事冲突,段颎、皇甫规、张奂,东汉与羌族在凉州（今甘肃、青海东部）的长期战争，持续百余年。,羌人不满汉朝压迫，多次起兵反抗；东汉为维护西北边疆稳定多次镇压。,从汉安帝永初元年（107年）至灵帝建宁二年（169年），爆发三次大规模战争，段颎在逢义山（今宁夏固原）、射虎谷（今甘肃天水）等战役中屠杀羌人。,耗费军费巨大，加速东汉财政崩溃；羌人势力削弱后鲜卑崛起。,《后汉书·西羌传》详载战事，但具体战役地点存在古今地名对应争议。,皇甫规曾上疏揭露边将「虚增首级」冒领战功，反映军政腐败。,38.508199,100.428219,34,2
35,甘肃,凉州之乱,,,凉州之乱,边疆叛乱,北宫伯玉、边章、韩遂,184null189年凉州羌胡与汉人边军联合反叛，震动西北。,黄巾起义期间，凉州驻军因欠饷哗变，联合羌人起事。,叛军攻占金城（今甘肃兰州），杀刺史耿鄙，围困陈仓（今陕西宝鸡）。,董卓借平叛壮大势力，为日后乱政埋下伏笔。,《后汉书·灵帝纪》载「北地先零羌及枹罕河关群盗反」，具体参与民族成分存疑。,韩遂原为汉朝名士，被叛军劫持后被迫加入，后成割据军阀。,38.508199,100.428219,35,2
36,陕西,潼关之战,渭南市,,潼关之战,割据势力战役,曹操、马超,211年曹操与关中联军在潼关（今陕西渭南潼关县）决战。,马超、韩遂等关西军阀恐被曹操吞并，联合抗曹。,曹操佯攻潼关吸引主力，暗遣徐晃从蒲坂津（今山西永济）渡黄河，最终在渭南决战中分化联军。,关中军阀瓦解，曹操控制雍凉；马超投奔张鲁。,《三国志·武帝纪》与《马超传》记载有细节差异，尤其离间计实施过程。,曹操「割须弃袍」逃生情节出自《三国演义》，正史无载。,34.505904,109.504702,36,2
37,陕西,汉中之战,汉中市,,汉中之战,割据政权争夺战,刘备、曹操,217null219年刘备攻取汉中（今陕西汉中），自称汉中王。,刘备夺取益州后，为巩固北方门户发动战役。,法正献计夺取定军山（今陕西勉县），黄忠斩夏侯渊；曹操亲征未能扭转战局。,刘备奠定三国鼎立基础，曹操感叹「鸡肋」后撤军。,《三国志》记载战役持续两年，但具体战术细节各传矛盾。,赵云「空营计」吓退曹军发生在汉水之战，属此战役组成部分。,32.831217,106.252283,37,2
38,陕西,文和乱武,西安市,,文和乱武,政治动乱,贾诩、李傕、郭汜,192年贾诩献策李傕反攻长安，导致关中大乱。,王允诛杀董卓后拒绝赦免其旧部，引发西凉军恐慌。,李傕等原欲解散逃亡，贾诩建议「奉国家以正天下」，遂聚众攻破长安。,汉献帝遭挟持，关中「白骨委积，臭秽满路」。,《后汉书·董卓传》与《三国志·贾诩传》对贾诩动机记载不同，或为自保之策。,贾诩因此计被骂「乱武」，但其晚年成为曹魏重臣得以善终。,34.113209,108.617168,38,2
39,陕西,董卓专权,西安市,,董卓专权,政治专权与迁都,董卓、汉献帝,董卓挟持汉献帝迁都长安（今陕西西安），把持朝政。,189年董卓入洛阳废少帝，引发关东诸侯讨伐，为避兵锋西迁。,190年焚毁洛阳，强迁百官民众至长安，筑郿坞（今陕西眉县）积粮。,导致关中凋敝，192年董卓被吕布刺杀，部将李傕郭汜继续祸乱关中。,《后汉书·董卓传》载「尽徙洛阳人数百万口于长安」，人口数字或有夸张。,童谣「千里草，何青青」预言董卓之死（「千里草」为「董」字拆解）。,34.113209,108.617168,39,2
41,四川,魏灭蜀之战,成都市,,魏灭蜀之战,灭国战争,司马昭、邓艾、钟会、刘禅,曹魏发动灭蜀战役，终结蜀汉政权,景元四年（263年），司马昭为转移内部矛盾，决策伐蜀,钟会率主力攻汉中，邓艾偷渡阴平（今甘肃文县），破诸葛瞻于绵竹（今四川德阳），兵临成都,刘禅出降，蜀汉灭亡；钟会谋叛被杀，引发成都三日大乱,《三国志》与出土《邓艾传碑》（甘肃武都）互证，但阴平道具体路线仍有争议,邓艾行军时“以毡自裹，推转而下”的悬崖记载，可能夸大其险峻程度,30.568437,104.529473,41,2
42,甘肃,秃发树机能扰凉州（鲜卑）,,,秃发树机能扰凉州（鲜卑）,少数民族叛乱,秃发树机能、晋将胡烈,鲜卑首领秃发树机能在凉州（今甘肃武威一带）起兵反晋，持续九年，多次击败晋军。,西晋对西北鲜卑部落实行高压政策，引发不满。,270年，秃发树机能击杀秦州刺史胡烈；279年晋将马隆以精兵镇压，最终击杀秃发树机能。,叛乱虽平，但消耗西晋国力，加速西北边疆动荡。,《晋书·武帝纪》载其起事时间存争议，一说始于270年，一说269年。,马隆采用「磁石阵」战术大破鲜卑军，为古代特殊战例。,38.508199,100.428219,42,2
44,四川,李雄称帝,成都市,,李雄称帝,割据政权建立,李雄、李特,流民首领李雄在成都称帝，建立成汉政权。,巴氐流民因饥荒入蜀，遭益州刺史镇压引发起义。,303年李特在绵竹（今四川德阳）起兵，其子李雄于304年攻占成都称王，306年正式称帝。,成汉为十六国首个政权，控制四川近四十年。,《华阳国志》载李雄称帝时间有304年与306年两说。,李雄以「约法三章」简政安民，蜀中一度「事少役稀，百姓富实」。,30.568437,104.529473,44,2
45,陕西,郝散起兵（匈奴）,,,郝散起兵（匈奴）,少数民族叛乱,郝散,匈奴人郝散在关中地区起兵反晋。,西晋对匈奴等内迁部落实行歧视政策。,294年郝散攻杀官吏，后诈降被杀，其弟郝度元联合羌胡再叛。,引发齐万年起义，成为西北动乱导火索。,《晋书·惠帝纪》未载郝散结局细节，或为史料缺失。,郝散诈降被诛事件，反映晋廷对少数民族的失信政策。,34.336074,108.710914,45,2
46,四川,流民起义,德阳市,,流民起义,民变与军事割据,李特、罗尚,巴氐流民在益州（今四川）发动大规模起义。,关中饥荒导致流民入蜀，益州刺史罗尚强令返乡引发冲突。,301年李特在绵竹（今德阳绵竹市）结盟流民，击败晋军；后其子李雄建立成汉。,起义促成成汉政权独立，中原士族开始「衣冠南渡」。,绵竹战场位置存在今绵竹与德阳广汉两地之争。,李特以「六郡流民共推为主」凝聚力量，为罕见流民自组织成功案例。,30.744153,105.028411,46,2
47,四川,东晋平蜀,成都市,,东晋平蜀,军事征服,桓温、李势,347年桓温率军西进攻灭成汉政权，收复益州（今四川）。,成汉政权内乱，东晋欲恢复对西南控制。,桓温从江陵（今湖北荆州）溯江西进，在犍为（今四川彭山）击败成汉主力，迫降李势于成都。,益州重归东晋版图，桓温声望大增，奠定权臣地位。,《晋书·桓温传》载「停蜀三旬，举贤旌善」，但实际控制时间较短。,桓温入成都见诸葛亮旧宅，叹「未能克复中原，至此愧对武侯」,30.568437,104.529473,47,2
48,陕西,桓温北伐（第三次）,西安市,,桓温北伐（第三次）,北伐战役,桓温、苻健,354年桓温北伐前秦，短暂进入关中逼近长安。,借后赵崩溃之机，试图收复中原。,晋军经武关（今陕西商洛）抵灞上（今西安东），因粮尽退兵，关中民众「持牛酒迎温」者甚众。,未能稳固占领，关中仍属前秦；北伐成果有限。,《资治通鉴》载「三辅郡县皆来降」，但实际控制范围存疑。,王猛扪虱谈天下典故出自此次北伐期间与桓温会面。,34.113209,108.617168,48,2
49,陕西,刘裕北伐（灭后秦）,西安市,,刘裕北伐（灭后秦）,北伐战役,刘裕、姚泓,417年刘裕攻灭后秦，收复长安。,后秦内乱，刘裕为积累篡位资本发动北伐。,分兵两路：王镇恶率水军溯黄河入渭水直抵长安；沈田子在青泥（今陕西蓝田）大破秦军。,刘裕留幼子刘义真镇守，次年因内乱撤离，关中复失。,长安实际控制仅一年余，《宋书》称「遗民南望涕流」。,刘裕将后秦浑天仪等文物南迁，现存南京紫金山天文台仿制品。,34.113209,108.617168,49,2
50,甘肃,莫高窟,酒泉市,,莫高窟,佛教石窟开凿,乐僔和尚,366年乐僔始凿莫高窟，但敦煌此时属前凉政权，非东晋辖区。,佛教沿丝绸之路传播，僧侣择地修行。,前秦建元二年（366年）乐僔开凿第一窟，后续持续营建至元代。,成为佛教艺术宝库，现存洞窟735个。,《李君莫高窟佛龛碑》载开凿时间，但敦煌在东晋时期始终为北方政权控制。,乐僔「忽见金光，状有千佛」而开窟的传说载于敦煌文书P.3720。,40.179894,94.76792,50,2
51,陕西,苻健称王（前秦建立）,西安市,,苻健称王（前秦建立）,政权建立,苻健,351年氐族苻健在长安（今陕西西安）称天王，建立前秦。,后赵崩溃后，氐族势力崛起控制关中。,苻健击败杜洪、张琚等割据势力，定都长安，次年称帝。,前秦统一北方，淝水之战后崩溃。,《晋书·苻健载记》明确建都长安，但称王与称帝时间有三月之差记载。,苻健入关中时「民争持牛酒迎劳」，反映后赵暴政后民心所向。,34.113209,108.617168,51,2
52,甘肃,张祚称王（前凉政变）,武威市,,张祚称王（前凉政变）,宫廷政变,张祚,354年张祚废前凉王张曜灵自立，改称凉王。,前凉宗室内斗加剧，张祚勾结太后发动政变。,张祚先称凉公，数月后称凉王，定都姑臧（今甘肃武威）。,引发宋混起义，355年被杀，前凉恢复称藩东晋。,《魏书·张寔传》载其「僭称凉王」，但前凉长期名义尊晋。,张祚为十六国唯一被史书明确记载有男宠后宫（「龙阳君」）的君主。,37.635753,102.814829,52,2
53,甘肃,莫高窟开凿,酒泉市,,莫高窟开凿,佛教艺术工程,乐僔和尚,366年乐僔在敦煌鸣沙山开凿首个洞窟，莫高窟始建。,佛教沿丝路传播，敦煌成宗教文化枢纽。,前秦建元二年（366年）始凿，北凉时期大规模扩建。,持续营建千年，现存735个洞窟，4.5万平米壁画。,敦煌文书P.3720记载开凿时间，但此时敦煌属前凉而非前秦。,乐僔「忽见金光，状有千佛」的灵异记载见于敦煌碑刻。,40.179894,94.76792,53,2
54,甘肃,吕光西征,,,吕光西征,军事远征,吕光,382年前秦苻坚遣吕光率军西征西域，返程建立后凉。,前秦统一北方后试图控制西域商路。,吕光从长安出发，经河西走廊征服焉耆、龟兹，获高僧鸠摩罗什。,淝水之战后滞留凉州，386年建立后凉政权。,《晋书·吕光载记》载「士卒咸思东归」，返程路线存甘肃段争议。,吕光强娶龟兹王女，引发西域诸国不满。,38.508199,100.428219,54,2
55,陕西,姚苌举兵（后秦建立）,西安市,,姚苌举兵（后秦建立）,政权建立,姚苌,384年羌族姚苌在渭北牧马原（今陕西富平）称王，建立后秦。,前秦淝水战败后，关中各族反叛。,姚苌擒杀苻坚，385年攻入长安称帝。,与苻登在陇东（今甘肃东部）长期拉锯，394年灭前秦残余。,《十六国春秋》载称王地在北地郡，今陕西富平与甘肃庆阳交界处存争议。,姚苌因缢杀苻坚，被苻登军咒骂为「弑君老羌」。,34.113209,108.617168,55,2
56,甘肃,后凉三分,,,后凉三分,政权分裂,吕隆、沮渠蒙逊、李暠,403年后凉分裂为北凉、南凉、西凉，核心区在河西走廊。,后凉暴政引发各族反抗，匈奴与汉族势力割据。,397年秃发乌孤建南凉（青海乐都），400年李暠建西凉（甘肃敦煌），401年沮渠蒙逊建北凉（甘肃张掖）。,北凉最终统一河西，439年被北魏所灭。,分裂时间线各史书记载交错，需比对《晋书》与《十六国春秋》补遗。,李暠为唐朝皇室追认先祖，敦煌遗书存其《诫子书》。,38.508199,100.428219,56,2
57,陕西,赫连勃勃称王（大夏建立）,榆林市,,赫连勃勃称王（大夏建立）,政权建立,赫连勃勃,407年匈奴赫连勃勃在统万城（今陕西靖边）称天王，建大夏。,后秦衰弱，赫连勃勃脱离自立。,413年始建统万城，「蒸土筑城，锥入一寸即杀工匠」，417年趁刘裕撤兵夺取长安。,425年赫连勃勃死，431年被北魏所灭。,统万城遗址现存「白城子」，考古发现城墙硬度确如史载。,赫连勃勃自诩「云赫连天」，取「显赫与天连接」之意。,38.016681,110.483356,57,2
58,陕西,刘裕北伐（灭后秦）,西安市,,刘裕北伐（灭后秦）,军事征服,刘裕、姚泓,417年东晋刘裕攻入长安，灭后秦。,后秦内乱，刘裕为积累政治资本北伐。,王镇恶率水军沿渭水直抵长安，姚泓出降。,晋军次年撤离，关中复归胡夏所有。,《宋书》称长安「城内户不盈百」，反映战乱破坏程度。,刘裕将后秦浑天仪南迁，此为中国最早天文仪器迁移记录。,34.113209,108.617168,58,2
59,陕西,盖吴起义,延安市,,盖吴起义,民族起义,盖吴,445年卢水胡人盖吴在杏城（今陕西黄陵）起义，联合汉、羌、匈奴等族反抗北魏统治。,北魏赋役苛重，民族压迫激化矛盾。,义军一度攻占长安以西多地，太武帝拓跋焘亲征镇压，采用分化策略瓦解联军。,446年起义失败，北魏强化关中控制，颁布《禁私养沙门诏》加强思想管控。,《魏书·世祖纪》载「杏城民盖吴聚众反」，今黄陵县仍有杏城遗址。,太武帝镇压期间发现长安寺院藏有兵器，成为灭佛导火索之一。,36.890877,108.635398,59,2
61,陕西,孝武西迁,西安市,,孝武西迁,政治迁都,北魏孝武帝元修、高欢,534年孝武帝为摆脱权臣高欢控制，从洛阳迁都长安（今陕西西安）。,北魏政权分裂为高欢与宇文泰两大集团。,元修率轻骑入关中投奔宇文泰，高欢另立孝静帝迁邺城，北魏正式分裂。,西魏政权建立，奠定北周基础；关中成为北方政治中心之一。,《魏书》称「帝率南阳王宝炬等五千骑入关」，但实际随行人员规模存疑。,孝武帝因与宇文泰矛盾，次年被毒杀，史称「魏室遂为宇文氏所有」。,34.113209,108.617168,61,2
62,陕西,府兵制改革,西安市,,府兵制改革,军事制度改革,宇文泰、苏绰,西魏在长安创立府兵制，融合鲜卑部落兵制与汉族户籍制度。,为对抗东魏高欢，需整合关陇豪强武装。,设八柱国、十二大将军，兵农分离，士兵另立军籍，武器马匹自备。,成为北周、隋唐军事基础，关陇集团主导中国政局近两百年。,《周书·文帝纪》载「初置府兵」，但具体建制时间有543年与550年两说。,隋文帝杨坚之父杨忠为十二大将军之一，奠定隋朝建国基础。,34.113209,108.617168,62,2
63,陕西,北周武帝灭佛,西安市,,北周武帝灭佛,宗教整顿运动,宇文邕,574年北周武帝在长安下诏「断佛道二教」，摧毁关中寺院。,为增加兵源赋税，打击寺院经济。,全国范围拆毁寺庙4万所，300万僧尼还俗，独尊儒教。,佛教艺术转向敦煌等偏远地区发展；隋朝恢复佛教但限制规模。,《周书·武帝纪》载「经像悉毁，罢沙门道士」，但实际执行力度因地而异。,少林寺武僧因此事件还俗，成为民间武术传播重要力量。,34.113209,108.617168,63,2
64,陕西,杨坚称帝,西安市,,杨坚称帝,政权更迭,杨坚、宇文阐,581年杨坚在长安接受北周静帝禅让，建立隋朝。,北周末年主幼国疑，杨坚以外戚身份掌权。,通过「三让而受天命」的禅让仪式，改国号隋，仍都长安。,589年灭陈统一全国，终结近三百年分裂局面。,《隋书·高祖纪》详载禅让过程，但现代学者认为实为武装政变。,杨坚夺权前有「圣人可汗」预言，实为后世附会。,34.113209,108.617168,64,2
65,陕西,营建大兴,西安市,,营建大兴,都城建设,宇文恺,隋开皇二年（582年），文帝命宇文恺在汉长安城东南新建都城，命名大兴城（今陕西西安）。,汉长安城破败且水质咸卤，需新建都城巩固统治。,历时9个月建成宫城与皇城，布局对称，功能分区明确。,大兴城为唐代长安城基础，影响东亚都城形制。,考古发掘证实隋大兴城与唐长安城叠压关系。,传说宇文恺以《周易》乾卦理论设计城市。,34.113209,108.617168,65,3
66,甘肃,隋与突厥之战（凉州之战）,武威市,,隋与突厥之战（凉州之战）,边境战役,隋文帝、突厥沙钵略可汗,开皇三年（583年），突厥沙钵略可汗率军攻隋，凉州（今甘肃武威）一带爆发激战。,突厥趁隋朝新立频繁南侵，威胁河西走廊。,隋将李充在凉州马邑（今甘肃武威附近）大破突厥，斩首千余级。,此战为隋朝分化突厥战略的重要环节。,《隋书·突厥传》记载简略，具体战场位置存疑。,,37.635753,102.814829,66,3
67,甘肃,吐谷浑扰境,张掖市,,吐谷浑扰境,边境冲突,隋炀帝、吐谷浑伏允可汗,大业五年（609年），隋炀帝西巡至张掖，期间派军击溃吐谷浑，设西海、河源等郡。,吐谷浑控制青海道，阻碍隋朝与西域交通。,隋军分兵合围，伏允可汗败逃，隋朝控制青海东部。,隋朝短暂控制青海地区，但大业末年后吐谷浑复国。,《资治通鉴》载炀帝在张掖接见西域诸王，但军事行动主要在青海境内。,炀帝在张掖举办“万国博览会”之说系后世演绎。,38.508199,100.428219,67,3
68,陕西,杨广夺位,西安市,,杨广夺位,宫廷政变,杨广、隋文帝、杨素,仁寿四年（604年），杨广在大兴宫通过宫廷政变继位，史称隋炀帝。,文帝晚年太子杨勇被废，杨广与权臣杨素勾结谋取储位。,文帝病重时，杨广控制宫禁，疑似参与弑父（存争议），随即即位。,炀帝激进政策导致隋朝速亡。,文帝死因《隋书》记载模糊，存在被弑推测但无确证。,民间传说炀帝弑父淫母，多为唐代政治污名化。,34.113209,108.617168,68,3
69,陕西,晋阳起兵（李渊入关中）,西安市,,晋阳起兵（李渊入关中）,军事行动,李渊、李世民,隋大业十三年（617年），李渊从晋阳（今山西太原）起兵，经河东渡黄河入关中，攻克长安（今陕西西安）。,隋末天下大乱，李渊趁机夺取关中根据地。,沿渭水南下，招降关中义军，十一月攻占长安，立代王杨侑为帝。,奠定唐朝开国基础，次年李渊称帝。,入关路线存在不同记载，《旧唐书》与《大唐创业起居注》略有差异。,传说李世民在渭北谒见李渊时献计速取长安。,34.113209,108.617168,69,3
70,陕西,昭陵六骏,咸阳市,礼泉县,昭陵六骏,帝王陵墓艺术,李世民,贞观十年（636年）起，唐太宗为纪念战马，在昭陵（今陕西礼泉九嵕山）刻六块战马浮雕。,彰显太宗开国武功，体现“天子乘马定天下”思想。,阎立德、阎立本设计，每块石刻高约1.7米，宽约2米，现存西安碑林博物馆。,其中“飒露紫”“拳毛騧”1914年被盗运海外，现存美国宾大博物馆。,六骏中白蹄乌、特勒骠、青骓、什伐赤四骏是否均为李世民坐骑存争议。,飒露紫石刻表现丘行恭为马拔箭场景，为唯一有人物形象者。,34.556031,108.627257,70,3
71,陕西,渭水之盟,西安市,,渭水之盟,外交盟约,李世民、颉利可汗,武德九年（626年）八月，突厥颉利可汗率军至渭水便桥北，李世民亲率六骑与之盟誓于渭水南岸（今西安城北）。,玄武门之变后唐朝政局不稳，突厥趁机南下。,李世民空城计震慑突厥，双方宰白马立盟，突厥退兵。,为唐朝赢得备战时间，四年后灭东突厥。,盟誓具体地点有渭便桥、渭水岸边等不同说法。,民间传说李世民单骑会颉利，实带房玄龄等六人。,34.113209,108.617168,71,3
72,甘肃,玄奘西行（出关）,酒泉市,瓜州县,玄奘西行（出关）,宗教文化事件,玄奘,贞观三年（629年），玄奘从长安出发，经秦州（今天水）、凉州（今武威），偷渡玉门关（今甘肃瓜州锁阳城遗址北）西去天竺。,佛教典籍传译不全，玄奘决意西行求法。,在瓜州得胡人石槃陀相助，夜渡葫芦河，穿越五烽。,开启历时17年的取经壮举，归国后在长安译经。,玉门关位置存争议，唐玉门关在瓜州说为学界主流。,瓜州锁阳城传说为玄奘讲经处，锁阳植物得名与此相关。,40.4422,95.72084,72,3
73,甘肃,文成公主入藏（途经）,张掖市,,文成公主入藏（途经）,和亲外交,文成公主、松赞干布,贞观十五年（641年），文成公主从长安出发，经陇右道过张掖、酒泉，穿越祁连山扁都口入青海赴吐蕃。,唐蕃首次和亲，巩固西部边疆。,送亲队伍携带释迦牟尼12岁等身像、工匠典籍，在张掖休整月余。,开辟唐蕃古道，河西走廊留存众多公主传说。,具体路线存在青海道与四川松潘道争议，河西走廊说为正史记载。,张掖大佛寺传说为公主暂居地，现存明代《西游记》壁画含公主形象。,38.508199,100.428219,73,3
74,陕西,唐长安城,西安市,,唐长安城,都城建设,宇文恺（基础）、阎立德,在隋大兴城基础上扩建，面积84平方公里，设108坊，朱雀大街宽150米，为当时世界最大都城。,继承隋朝都城基础，体现大一统王朝气象。,永徽五年（654年）筑外郭城，总章二年（669年）建大明宫。,安史之乱后逐渐衰落，现存大明宫遗址等。,长安人口百万之说存疑，最新研究认为约70null80万。,延平门至延兴门东西直线被称为“天街”，韩愈有“天街小雨润如酥”诗句。,34.113209,108.617168,74,3
75,陕西,韦后之乱,西安市,,韦后之乱,宫廷政变,韦皇后、安乐公主、李隆基,唐中宗景龙四年（710年），韦皇后与安乐公主毒杀中宗，企图效仿武则天称帝，李隆基联合太平公主发动政变，诛杀韦后集团。,武则天退位后，韦后与安乐公主权欲膨胀，试图掌控朝政。,韦后立温王李重茂为傀儡皇帝，李隆基率禁军夜袭玄武门，诛杀韦后、安乐公主及其党羽。,李隆基之父李旦复位，为唐睿宗，开启开元盛世前夕的政治过渡。,新旧《唐书》记载细节略有差异，但政变核心过程基本一致。,传说李隆基政变前曾占卜得“龙飞在天”之兆。,34.113209,108.617168,75,3
76,陕西,唐隆之变,西安市,,唐隆之变,政变,李隆基、太平公主,景龙四年（710年）六月，李隆基联合太平公主发动政变，清除韦后势力，拥立睿宗李旦复位。,韦后专权引发朝野不满，李隆基借禁军力量夺权。,政变中诛杀韦后、安乐公主及上官婉儿，彻底终结武周残余势力。,太平公主与李隆基权力斗争加剧，为先天政变埋下伏笔。,政变时间《资治通鉴》记为庚子夜，具体时辰存在不同版本。,政变当日禁军钟绍京因恐惧躲入厕所，被妻子劝出参与。,34.113209,108.617168,76,3
77,陕西,太平公主之死,西安市,,太平公主之死,政治清算,李隆基、太平公主,先天二年（713年），李隆基先发制人，剿灭太平公主集团，赐死公主于长安。,太平公主试图废黜玄宗，双方矛盾激化。,李隆基率亲信擒杀公主党羽窦怀贞、萧至忠等，太平公主逃入南山佛寺三日后被迫自尽。,玄宗彻底掌握政权，改元开元，开启盛世。,《旧唐书》称公主“赐死于家”，《新唐书》称“迫令自尽”，细节存异。,传说公主临死前感叹：“不如作一田舍翁女！”,34.113209,108.617168,77,3
78,陕西,李杨专权,西安市,,李杨专权,权臣政治,李林甫、杨国忠,开元至天宝年间（734null755年），李林甫、杨国忠相继把持朝政，排斥异己，加剧政治腐败。,玄宗晚年怠政，委权于宰相。,李林甫首创“野无遗贤”的科举闹剧；杨国忠任相期间激化与安禄山矛盾。,直接导致安史之乱爆发，唐朝由盛转衰。,李林甫执政年限（19年）为唐朝宰相之最，但具体权术手段记载或有夸张。,民间传说李林甫为“肉腰刀”，喻其口蜜腹剑。,34.113209,108.617168,78,3
79,陕西,安史之乱（长安陷落）,西安市,,安史之乱（长安陷落）,叛乱,安禄山、唐玄宗,天宝十五载（756年）六月，安禄山叛军攻陷长安，玄宗仓皇西逃。,节度使权力膨胀，中央与边镇矛盾激化。,潼关失守后，玄宗弃长安经马嵬驿（今陕西兴平）逃往成都。,太子李亨灵武即位，唐朝耗时八年平定叛乱。,长安陷落时间《旧唐书》记为甲午日，《新唐书》作乙未日，相差一日。,传说玄宗逃亡途中仍命乐工奏《雨霖铃》。,34.113209,108.617168,79,3
80,四川,安史之乱（玄宗入蜀）,成都市,,安史之乱（玄宗入蜀）,政治流亡,唐玄宗,天宝十五载（756年）七月，玄宗抵达成都，以剑南节度使治所为行宫，驻跸一年余。,长安陷落后，四川成为重要避难所。,玄宗在成都赦天下、改元至德，重组流亡政府。,成都在此期间成为唐朝临时政治中心，后玄宗返长安为太上皇。,玄宗具体居所为成都府署，非传说的“青羊宫”。,成都至今留有“天回镇”地名，传说因玄宗至此折返得名。,30.568437,104.529473,80,3
81,甘肃,唐蕃清水之盟,天水市,清水县,唐蕃清水之盟,外交盟约,唐德宗、吐蕃大相尚结赞,建中四年（783年），唐蕃在清水（今甘肃清水）划定边界，立碑为界，暂时缓和双方冲突。,安史之乱后陇右尽失，吐蕃占据战略主动。,双方约定唐割让泾、陇等州，以弹筝峡（今平凉西）至清水为界，吐蕃承诺停止进攻。,盟约仅维持四年，贞元二年（786年）吐蕃即毁约南侵。,《旧唐书·吐蕃传》详载盟书内容，界碑遗址已不存。,传说立碑时吐蕃使者偷移界碑，导致实际控制线向唐境推进。,34.64821,106.43028,81,3
82,甘肃,平凉劫盟,平凉市,,平凉劫盟,军事伏击,唐使浑瑊、吐蕃尚结赞,贞元三年（787年），吐蕃假意会盟，在平凉（今甘肃平凉）设伏袭击唐使团，劫持官员六十余人。,吐蕃企图削弱唐朝西北边防力量。,浑瑊侥幸逃脱，副使崔汉衡等被俘，吐蕃乘势攻掠陇东。,唐朝暂停与吐蕃和谈，加强泾原防线。,《资治通鉴》记载伏兵三万，《吐蕃历史文书》讳言此事。,传说浑瑊马鞍中箭仍疾驰三十里方得脱险。,35.521517,105.728467,82,3
83,陕西,泾原兵变（奉天之难）,咸阳市,乾县,泾原兵变（奉天之难）,兵变,唐德宗、朱泚,建中四年（783年），泾原镇士卒途经长安时哗变，德宗逃往奉天（今陕西乾县），叛军拥立朱泚称帝。,朝廷赏赐不公引发边军不满，河北藩镇叛乱未平。,叛军占据长安，围攻奉天五十余日，最终由李晟率神策军收复京师。,唐朝权威进一步衰落，开启“天子九逃”先例。,奉天城遗址现存乾县县城内，城墙残高仍可见。,德宗出逃时玉玺遗失，后用木头刻制临时玺印。,34.643536,108.209936,83,3
84,甘肃,陇右十八州陷蕃,,,陇右十八州陷蕃,领土丧失,吐蕃论莽罗,安史之乱后至贞元年间（755null804年），吐蕃逐步攻占陇右道鄯、廓、河、兰等十八州（今甘肃中部及青海东部）。,唐朝抽调陇右精兵平叛，导致边防空虚。,广德元年（763年）吐蕃已占秦、渭等州，贞元六年（790年）最后据点西州陷落。,汉人“左衽而服，辫发而赭面”，该地区吐蕃化持续近百年。,具体失陷时序各州不一，《新唐书·地理志》列十八州名录。,敦煌文书P.2555记载陷蕃诗人马云奇“终日啼悲水，经秋度陇云”诗句。,38.508199,100.428219,84,3
85,陕西,贞元之盟,西安市,,贞元之盟,外交协议,唐德宗、吐蕃使论泣赞,贞元三年（787年）平凉劫盟后，双方在长安重申清水盟约部分条款，实际无约束力。,唐朝为争取战略喘息期的权宜之计。,吐蕃遣使献劫盟时缴获的唐朝官印、节钺以示“诚意”。,次年吐蕃即大举进攻灵、盐等州。,此事未载于正史本纪，仅见于《白氏长庆集·与吐蕃宰相尚绮心儿书》。,,34.113209,108.617168,85,3
86,甘肃,归义军,酒泉市,敦煌市,归义军,地方政权,张议潮,大中五年（851年），张议潮在沙州（今甘肃敦煌）起义驱逐吐蕃，建立归义军政权，收复瓜、沙等十一州。,吐蕃统治河西后期压迫加剧，汉人豪族反抗。,张议潮遣使绕道天德军向唐廷献图籍，获封归义军节度使。,实际保持半独立状态，历经张、曹两姓统治，北宋景祐三年（1036年）亡于西夏。,《张议潮变文》与敦煌文书P.2962《沙州进奏院状》互为印证。,莫高窟第156窟存《张议潮统军出行图》,40.179894,94.76792,86,3
87,四川,唐与南诏战争（西川战役）,成都市,,唐与南诏战争（西川战役）,边境战争,李德裕、段宗牓,太和三年（829年）至咸通十年（869年），南诏六次攻入西川，其中两次围困成都。,南诏与唐朝争夺大渡河以南控制权。,咸通十一年（870年）南诏倾国之力攻成都，唐将宋威在毗桥（今新都）大破南诏象军。,唐朝被迫在成都罗城外加筑“糜枣堰”防御工事。,《资治通鉴》载南诏掳掠“子女工技数万”，但具体人数存疑。,成都青羊宫传说为唐军斩杀南诏大象处,30.568437,104.529473,87,3
88,陕西,甘露之变,西安市,,甘露之变,政治清洗,唐文宗、李训、仇士良,大和九年（835年）十一月，文宗与李训等策划诛杀宦官，失败后反遭宦官集团血洗朝堂。,宦官专权引发士大夫集团反抗。,假称金吾仗院石榴树夜降甘露，诱宦官仇士良等查看时实施刺杀，事泄后六百余朝臣被杀。,开创“宦官立君”先例，皇权彻底旁落。,遇难人数《旧唐书》与《新唐书》记载相差三倍。,白居易因早退错过事变，躲过一劫,34.113209,108.617168,88,3
89,陕西,会昌灭佛（长安实施）,西安市,,会昌灭佛（长安实施）,宗教政策,唐武宗、李德裕,会昌五年（845年），在长安推行大规模灭佛运动，毁寺4600所，还俗僧尼26万余人。,寺院经济膨胀影响国家财政，武宗崇道排佛。,保留长安保留慈恩、荐福、西明、庄严四寺，每寺留僧30人。,宣宗即位后复兴佛教，但长安佛教势力再未恢复盛况。,《入唐求法巡礼行记》载日僧圆仁亲历灭佛实况。,大秦景教碑因被误认为佛教碑刻险遭毁坏,34.113209,108.617168,89,3
90,陕西,黄巢之乱（长安陷落）,西安市,,黄巢之乱（长安陷落）,民变,黄巢,广明元年（880年）十二月，黄巢军攻入长安，建立大齐政权，唐僖宗逃亡成都。,关东连年饥荒，科举失意的黄巢聚众起义。,潼关失守后，宦官田令孜挟僖宗经大散关逃往汉中，次年正月抵成都。,长安遭反复争夺，最终中和三年（883年）由李克用收复。,黄巢称帝地点《旧唐书》称含元殿，《新唐书》称丹凤门，存争议。,传说黄巢作《不第后赋菊》明志,34.113209,108.617168,90,3
91,四川,飞钱起源,成都市,,飞钱起源,金融创新,,贞元至元和年间（785null820年），成都出现“飞钱”票据，商人在京师将钱款交柜，持券至成都取用。,蜀锦贸易兴盛催生跨区域汇兑需求。,最初由私商经营，后官府设“进奏院”办理官方飞钱。,开中国纸币制度先河，宋代交子直接继承此制。,《新唐书·食货志》载“宪宗以钱少，复禁用铜器，时商贾至京师，委钱诸道进奏院”,成都交子博物馆藏有世界最早纸币复制品,30.568437,104.529473,91,3
92,陕西,后周世宗灭佛,西安市,,后周世宗灭佛,宗教政策,柴荣,显德二年（955年），后周世宗下诏毁佛，陕西境内（时属后周控制区）寺院被毁，僧尼还俗。,整顿财政，限制寺院经济扩张。,销毁铜佛像铸钱，保留敕额寺院269所，废寺院30336所。,陕西佛教势力严重削弱，北宋建立后逐步恢复。,《旧五代史》载关中地区'寺宇除荐福、慈恩、西明外尽毁'，但具体数目存疑。,传说长安大雁塔因藏有玄奘舍利得以保留,34.113209,108.617168,92,3
93,四川,王建建蜀,成都市,,王建建蜀,政权建立,王建,唐天复七年（907年），王建在成都称帝，国号大蜀（史称前蜀），控制四川盆地及汉中地区。,朱温篡唐后，王建拒绝承认后梁，割据自立。,以剑南西川节度使身份逐步兼并东川、山南西道，最终完成对巴蜀的统一。,前蜀享国18年，925年被后唐所灭。,《蜀梼杌》载王建改元“武成”，《资治通鉴》采用后梁年号记载存在矛盾。,永陵出土王建石像为现存唯一唐代帝王写真石刻,30.568437,104.529473,93,3
94,四川,孟知祥称帝,成都市,,孟知祥称帝,政权建立,孟知祥,后唐应顺元年（934年），孟知祥在成都称帝，国号蜀（史称后蜀），辖四川大部及甘肃文州（今文县）。,后唐内乱导致对蜀地控制力下降。,以西川节度使身份击退后唐讨伐军，吞并东川，最终独立称帝。,后蜀维持32年，965年降宋。,孟知祥称帝月日《旧五代史》记为闰正月，《新五代史》作正月，存在记载差异。,广政石经现存成都文殊院，为后蜀文化工程遗存,30.568437,104.529473,94,3
95,四川,北宋统一战争（灭后蜀）,成都市,,北宋统一战争（灭后蜀）,军事征服,赵匡胤、孟昶,乾德二年（964年）十一月至三年正月，北宋军分两路攻灭后蜀，孟昶出降，四川纳入北宋版图。,赵匡胤实施'先南后北'统一战略，后蜀占据四川富庶之地。,王全斌率北路出凤州（今陕西凤县），曹彬率东路出归州（今湖北秭归），会师成都。,宋军劫掠引发全师雄兵变，四川经三年动荡始平。,《续资治通鉴长编》载'六十六日灭蜀'之说忽略后续平乱时间。,传说孟昶宠妃花蕊夫人作诗讽降：'十四万人齐解甲，更无一个是男儿',30.568437,104.529473,95,4
96,甘肃,六谷部抗夏,武威市,,六谷部抗夏,民族抵抗,潘罗支（吐蕃六谷部首领）,咸平四年至大中祥符年间（1001null1016），凉州吐蕃六谷部联合北宋抗击西夏，多次击退李继迁进攻。,西夏扩张威胁河西走廊，六谷部为保领地与北宋结盟。,潘罗支多次献马助宋，景德元年（1004）设西凉府为宋夏缓冲。,大中祥符八年（1015）西夏攻陷凉州，六谷部政权终结。,《宋史·吐蕃传》载其'厮铎督犹羁縻'，实际控制权已归西夏。,凉州大云寺西夏碑文记载六谷部与西夏拉锯战,37.635753,102.814829,96,4
97,陕西,宋夏战争（陕西战场）,延安市,,宋夏战争（陕西战场）,边境战争,范仲淹、韩琦、李元昊,宝元元年至庆历四年（1038null1044），西夏多次进攻陕西鄜延路，爆发三川口、好水川、定川寨等战役。,西夏立国后企图夺取关中，陕西成宋夏对峙前沿。,李元昊利用骑兵优势突袭，宋军凭寨堡防御体系逐步扭转劣势。,庆历和议划定边界，陕西设四路经略安抚司长期备边。,《续资治通鉴长编》与《西夏书事》对战役细节记载存在差异。,范仲淹《渔家傲·秋思》'塞下秋来风景异'即作于延州戍边时,36.890877,108.635398,97,4
98,甘肃,收取青唐,临夏回族自治州,,收取青唐,边疆经略,王韶、唃厮啰,熙宁五年至六年（1072null1073），王韶发动'熙河开边'，攻占吐蕃青唐政权控制的熙（今临洮）、河（今临夏）、洮（今临潭）等州。,切断西夏与吐蕃联盟，打通丝绸之路南线。,采用'招抚与征讨并用'策略，建通远军（今陇西）为基地逐步推进。,设熙河路，为北宋最大疆域拓展，但耗费巨大埋下财政危机。,《宋史·王韶传》夸大斩首数，实际多靠政治手段降服部落。,王安石赞此役'雪百年之耻'，苏轼却批评'以利啖边将生事',36.053,103.52811,98,4
99,四川,交子发行,成都市,,交子发行,金融创新,张咏、薛田,天圣元年（1023），益州（今成都）设立交子务，发行世界最早官方纸币，解决铁钱流通不便问题。,蜀地商贾云集，铁钱'一贯重二十五斤'阻碍大宗交易。,初期由十六户富商联保发行，后因信用危机改由官办。,南宋发展为会子制度，影响元明宝钞体系。,交子诞生时间有淳化三年（992）私交子说，学界多采天圣官办说。,成都交子公园现存仿制交子铜雕,30.568437,104.529473,99,4
101,四川,饶凤关之战,广元市,,饶凤关之战,防御战,吴玠、撒离喝,1133年金将撒离喝企图经饶凤关（今陕西石泉与四川广元交界）入川，被吴玠击退。,金军避开和尚原防线，试图从汉中东侧打开入川通道。,宋军昼夜疾驰300里增援，以滚木礌石阻敌六昼夜，最终金军粮尽退兵。,此战验证川陕防线的机动防御能力，金军转向主攻江淮。,《建炎以来系年要录》载此战于绍兴三年，但具体关隘位置存在陕川交界处争议。,撒离喝败退时哭称「吴玠真神将也」，得「啼哭郎君」绰号。,32.159161,106.389622,101,4
102,甘肃,皂郊堡之战,天水市,,皂郊堡之战,边境冲突,李彦琪、完颜纲,1206年开禧北伐期间，宋将李彦琪反攻陇右，短暂收复皂郊堡（今甘肃天水南）。,南宋配合东部战线，试图在川陕方向牵制金军。,宋军突袭得手，但遭金将完颜纲反扑，最终败退。,暴露宋军在陇右地区后勤薄弱，此后川陕战场转入守势。,《金史·完颜纲传》称「宋将李彦琪寇秦州」，但宋方史料对此战记载简略。,当地现存宋代烽燧遗址，民间称「北伐墩」。,34.78354,106.40256,102,4
104,甘肃,皂郊堡之战（开禧北伐）,天水市,,皂郊堡之战（开禧北伐）,边境攻防战,完颜纲、李彦琪,1206年南宋开禧北伐期间，宋将李彦琪反攻陇右，短暂收复皂郊堡（今甘肃天水南），遭金将完颜纲反击溃败。,南宋为牵制金军主力，在川陕方向发动策应性进攻。,宋军突袭占领皂郊堡，但因后勤断绝，金军调陇右精骑反扑，宋军溃退。,金国强化秦州（今天水）防务，南宋再未大规模北进陇右。,《金史·完颜纲传》详载此战，而《宋史》仅模糊提及「李彦琪出兵秦陇」，具体战果存争议。,当地现存宋代烽燧遗址，民间称「北伐墩」，出土铁甲残片与箭镞。,34.78354,106.40256,104,4
105,陕西,宋夏战争·三川口之战,延安市,,宋夏战争·三川口之战,边境战役,李元昊、刘平、石元孙,宝元三年（1040年），西夏军于三川口（今延安市西北）设伏，歼灭宋军万余，俘宋将刘平、石元孙。,西夏立国后首次大规模南侵，意图夺取延州。,李元昊佯攻保安军，诱宋军救援途中设伏，宋军因情报失误中伏溃败。,北宋调整陕西防务，启用范仲淹、韩琦等主持边事。,《续资治通鉴长编》载战场'距延州二十里'，今考为延安市安塞区沿河湾镇。,宋将黄德和临阵脱逃，反诬刘平降敌，后真相大白被腰斩,36.890877,108.635398,105,4
106,陕西,永乐城之战,榆林市,米脂县,永乐城之战,攻城战,李元昊之孙秉常、徐禧,元丰五年（1082年），西夏30万大军围攻永乐城（今陕西米脂西北），宋军惨败，死者二十余万。,北宋推行'进筑横山'战略，永乐城成为突出部。,西夏切断水源，乘夜总攻，守军因指挥失误崩溃。,此战导致北宋放弃横山战略，神宗闻讯痛哭辍朝。,《宋会要辑稿》载死亡人数可能夸大，实际损失约七万。,永乐城陷落时，宋将高永能拒绝换装逃命，战死殉国,37.775718,109.923049,106,4
107,甘肃,蒙夏战争·甘州之战,张掖市,,蒙夏战争·甘州之战,灭国战争,成吉思汗、西夏献宗德旺,宝义元年（1226年），蒙古军攻陷甘州（今甘肃张掖），屠城并焚毁西夏行宫。,西夏拒绝派兵助蒙西征，招致灭国之祸。,蒙古采用'先剪羽翼，后捣腹心'战略，先克河西诸州。,次年蒙军攻陷中兴府，西夏灭亡。,《蒙古秘史》载此战用俘虏填壕攻城，但汉文史料未见记载。,传说甘州城破时，西夏守将曲也怯律之子在蒙军阵前劝降,38.508199,100.428219,107,4
108,甘肃,蒙夏战争,张掖市,,蒙夏战争,灭国战争,成吉思汗、李安全、李德旺,1226null1227年，成吉思汗亲征西夏，连克甘肃张掖（甘州）、武威（凉州），围困中兴府（银川）。西夏末帝投降后遭屠城，西夏灭亡。,西夏拒绝派兵助蒙古西征，成吉思汗临终遗言'必灭之'。,蒙古采用'先断右臂'战略，先取河西走廊，切断西夏退路。甘州之战中，西夏守将曲也怯律之子在蒙军阵前劝降。,西夏王陵被毁，党项族逐渐融入其他民族。,《元史》称西夏末主李睍投降后被杀，但黑水城文献显示部分宗室西逃。,传说成吉思汗死于西夏王妃刺杀，但实为病逝于六盘山,38.508199,100.428219,108,4
109,陕西,蒙金战争·凤翔之战,宝鸡市,,蒙金战争·凤翔之战,攻坚战,拖雷、完颜合达,1231年四月，拖雷率蒙军攻破金朝西京留守完颜合达坚守的凤翔（今陕西宝鸡），打开入陕通道。,为实现假道灭金战略，蒙古需控制关中地区。,蒙军用回回炮轰城，挖掘地道破城，金军三万守军覆没。,此战后蒙军实现'斡腹之谋'，次年三峰山之战歼灭金军主力。,《金史》称守城47日，《史集》记载围城三月，时间存疑。,蒙军将俘虏耳鼻割下堆成'京观'威慑金朝,34.377266,107.15567,109,4
110,四川,窝阔台攻宋之战·成都大屠,成都市,,窝阔台攻宋之战·成都大屠,征服战争,阔端、高稼,1236年十月，蒙古皇子阔端破阳平关，攻陷成都，实施大屠杀，《史集》载'城内骸骨一百四十万'。,蒙古实施'先取蜀，后定江南'战略。,宋将曹友闻战死仙人关，蒙军长驱直入，成都守将丁黼巷战身亡。,四川人口从259万户锐减至12万户，余玠后来重建山城防御体系。,死亡人数存在夸张，考古发现成都明代地层下普遍存在元代空白层。,蒙军掳走蜀地工匠，促成波斯细密画中的中国元素,30.568437,104.529473,110,4
111,重庆,钓鱼城之战（宋元战争）,合川区,,钓鱼城之战（宋元战争）,军事围城战,蒙哥汗、王坚,1259年蒙古大汗蒙哥亲率大军围攻合州钓鱼城（今重庆合川），遭宋军顽强抵抗。,蒙哥为灭南宋实施「斡腹之谋」，欲先取四川再顺江东下。,蒙古军围城五月，使用云梯、火炮等器械强攻未果，蒙哥汗重伤身亡（一说病死）。,导致蒙古第三次西征中止，忽必烈与阿里不哥爆发汗位之争；钓鱼城坚守至1279年方降。,《元史·宪宗纪》称蒙哥「崩于钓鱼山」，但波斯史料《史集》记载中流矢而亡，死因存疑。,钓鱼城军民以「鱼中藏信」与外界联络，现存「飞舄楼」传为王坚指挥部。,30.282671,106.10233,111,4
112,甘肃,忽必烈与阿里不哥争位战争（河西战役）,张掖市,,忽必烈与阿里不哥争位战争（河西战役）,汗位争夺战,忽必烈、阿里不哥,1260null1264年汗位争夺期间，两军在河西走廊（今甘肃张掖至武威）多次交战。,阿里不哥控制漠北，派阿蓝答儿南下夺取陇右。,忽必烈命汪良臣率军驻守甘州（张掖），1261年大败阿蓝答儿于山丹耀碑谷，斩首三千。,巩固忽必烈对河西走廊控制，保障西域与中原通道。,《元史·世祖纪》载「诸王阿蓝答儿举兵犯关陇」，但具体战役地点存在山丹与永昌两地之说。,当地传说汪良臣用「牦牛阵」破敌，实为后世民间附会。,38.508199,100.428219,112,4
113,四川,元军克成都（宋元战争）,成都市,,元军克成都（宋元战争）,城市攻防战,纽璘、刘整,1258年蒙古将领纽璘攻破成都，建立四川行省雏形。,蒙哥实施「先取全蜀」战略，切断南宋长江上游防线。,纽璘绕过钓鱼城直插川西，在成都平原击败宋将蒲择之，实施「因粮于敌」策略。,成都成为元军经营西南基地，1276年正式设立四川行中书省。,《元史·纽璘传》称「获宋制置使蒲择之」，但《宋史》未载蒲择之被俘，存记载矛盾。,刘整在此战后降元，后提出「先取襄阳，浮汉入江」灭宋战略。,30.568437,104.529473,113,4
114,甘肃,沈儿峪之战（徐达北伐）,定西市,,沈儿峪之战（徐达北伐）,北伐关键战役,徐达、王保保（扩廓帖木儿）,1370年明将徐达在沈儿峪（今甘肃定西）大败元将王保保，歼灭元军主力。,明军为彻底肃清西北元军残余势力，巩固新政权。,徐达采取深沟高垒战术，切断元军粮道，激战后俘获元军文武官员1865人，士卒8.4万。,元朝在西北的统治瓦解，明朝控制陇右；王保保仅率数骑逃亡和林。,《明太祖实录》载斩获数或有夸大，但出土元军铜印（现藏定西博物馆）证实战役规模。,当地民间传说徐达用「风筝传信」联络援军，实为后世附会。,35.774461,104.870988,114,5
116,甘肃,洮州卫设立（明朝治藏）,甘南州,,洮州卫设立（明朝治藏）,边疆治理措施,沐英,1379年明将沐英建洮州卫（今甘肃临潭），作为经略藏区的战略支点。,实施「多封众建」政策，确立对乌思藏（西藏）的间接统治。,修筑卫城，驻军5600人，开设茶马司，通过「朝贡互市」维系藏区各派。,成为明代汉藏交流枢纽，现存明代《敕谕洮州卫碑》记载茶马贸易细则。,藏文史料《汉藏史集》称洮州为「汉藏金桥」，但具体建卫时间有1378与1379年两说。,洮州卫城隍庙供奉明代将领李文忠，藏传佛教寺院同时供奉朱元璋画像。,35.105858,102.421179,116,5
117,四川,月鲁帖木儿之乱（蓝玉案关联）,凉山彝族自治州,,月鲁帖木儿之乱（蓝玉案关联）,边疆叛乱与政治清洗,蓝玉、月鲁帖木儿,1391年元朝旧臣月鲁帖木儿在建昌（今四川西昌）叛乱，蓝玉率军镇压。,明初西南土司势力反复，蓝玉借此积累军功。,蓝玉采取「剿抚并用」策略，生擒月鲁帖木儿，但其在1393年因蓝玉案被牵连诛杀。,建昌六卫设立，成为控制川滇要冲；此战功绩成为蓝玉「谋反」嫌疑的资本。,《明史·蓝玉传》称「玉有异志」，但凉山彝族传说认为月鲁帖木儿系被诬陷。,西昌泸山光福寺现存明代《月鲁帖木儿就擒图》碑刻，为罕见明代军事纪实艺术。,27.235621,102.89338,117,5
118,陕西,固原盗乱,固原市,,固原盗乱,兵变民乱,满俊（满四）,成化四年（1468年），蒙古降人满俊在固原石城聚众起义，自称招贤王，屡败明军，震动西北。,明朝对西北少数民族政策失当，土地兼并严重。,起义军据石城天险坚守，明廷调集京营与边军八万余人，经大小三百余战方平定。,明廷设固原卫加强防御，成为“九边”重镇之一。,《明宪宗实录》载斩首七千六百级，但现代研究认为含大量平民。,石城遗址今存，当地称“西吉火石寨”,35.34496,106.402548,118,5
119,四川,川蜀盗乱（鄢本恕、蓝廷瑞之乱）,成都市,,川蜀盗乱（鄢本恕、蓝廷瑞之乱）,农民起义,鄢本恕、蓝廷瑞,正德四年至九年（1509null1514年），流民首领鄢、蓝聚众十万，活动于川陕鄂交界，波及三十余州县。,荆襄流民涌入四川，地方治理失效。,义军建“刮地王”“扫地王”等称号，采用流动作战，明廷调三省兵力围剿。,促成明朝设立郧阳巡抚，专治三省交界流民问题。,《明武宗实录》称“流贼百万”系夸大，实际核心武装约三万。,传说起义军使用“木鹅”测试河道深浅，发明特殊水战器械,30.568437,104.529473,119,5
120,陕西,河套之议,榆林市,,河套之议,边防战略争论,曾铣、夏言、严嵩,嘉靖二十五年至二十七年（1546null1548年），围绕是否收复河套地区（今陕西北部及内蒙古南部）展开朝堂争论。,蒙古俺答部占据河套，威胁陕西三边。,三边总督曾铣提出《收复河套议》，首辅夏言支持，后被严嵩构陷致死。,明朝放弃河套经略，陕西边防压力持续加重。,曾铣所奏《边务十八事》原件存台北故宫博物院。,传说曾铣发明“慢炮”（定时炸弹原型）御敌,38.016681,110.483356,120,5
121,甘肃,九边建制·甘肃镇,张掖市,,九边建制·甘肃镇,军事防御体系,杨一清,弘治至嘉靖年间，甘肃镇（驻甘州，今张掖）作为九边最西端，统辖长城防线西南起自兰州，东北至镇番卫（今民勤）。,防御蒙古瓦剌、吐鲁番侵袭，护卫丝绸之路。,修筑边墙（长城）八百余里，设关堡72处，驻军最高达九万余人。,万历年间吐鲁番攻陷哈密，甘肃镇防御压力剧增。,现存山丹汉明长城博物馆展示明代夯土长城遗存。,张掖钟鼓楼四门匾额“九边锁钥”“河西重镇”为明代遗存,38.508199,100.428219,121,5
122,陕西,王二起义,白水县,,王二起义,农民起义,王二,天启七年（1627年），陕西白水县农民王二率数百人起义，杀知县，开仓济贫，揭开明末农民战争序幕。,陕西连年灾荒，官府苛征辽饷，民不聊生。,义军以黄龙山为据点，劫富济贫，屡败官军，后与高迎祥等部汇合。,起义迅速蔓延至陕西全境，成为明末农民大起义的导火索。,起义具体时间有1627年与1628年两说，《明史·流贼传》记为崇祯元年（1628年），但地方志多载天启七年:cite[5]。,传说王二以'谁敢杀张斗耀'为号，聚众起义,35.177436,109.412487,122,5
123,重庆,播州之役,綦江区,,播州之役,平叛战争,杨应龙、李化龙,万历二十七年至二十八年（1599null1600年），明朝平定播州土司杨应龙叛乱，战事波及川黔渝交界地区。,杨应龙长期割据播州（今贵州遵义），屡次侵扰周边，明廷积怨已久。,明军分八路围攻，攻破海龙屯要塞，杨应龙自焚而死。,播州改土归流，分设遵义、平越二府，重庆綦江等地驻军加强防务。,海龙屯遗址考古发现证实战役惨烈，但明军伤亡人数《明史》所载'斩级二万余'存疑:cite[5]。,綦江民间传说杨应龙女儿率残部退守古剑山，化为'女将岩',28.795011,106.624349,123,5
124,四川,奢安之乱,泸州市,,奢安之乱,土司叛乱,奢崇明、安邦彦,天启元年至崇祯三年（1621null1630年），四川永宁宣抚使奢崇明与贵州水西土司安邦彦联合反明，围攻成都、贵阳。,明廷征调土司兵援辽引发不满，土司势力与中央矛盾激化。,奢崇明假称援辽率军占据重庆，建'大梁'政权；安邦彦响应围攻贵阳百余日。,明廷耗时九年平定，西南土司势力遭重创，为后续改土归流铺路。,《明史》称奢崇明'僭号大梁'，但出土文物未见年号，可能系官方污名化:cite[5]。,重庆佛图关现存明代炮台遗址，传为秦良玉抗击奢军所筑,28.78011,105.37586,124,5
125,陕西,李自成起义,米脂县,,李自成起义,农民起义,李自成,崇祯三年（1630年），李自成在陕西米脂参加起义，后提出'均田免赋'纲领，1644年攻入北京推翻明朝。,陕西饥荒与加派三饷导致民变四起。,自成军转战陕豫，克洛阳杀福王，建立大顺政权，最终由陕入京。,清军入关后，李自成败退陕西，顺治二年（1645年）在湖北九宫山遇害。,李自成死亡地点存在湖北通山、湖南石门等多说，通山说为学界主流:cite[5]。,米脂李继迁寨现存传说为李自成祖居地,37.775718,109.923049,125,5
126,四川,张献忠起义,成都市,,张献忠起义,农民起义,张献忠,崇祯三年（1630年），张献忠在陕西起兵，后转战四川，1644年在成都建大西政权，年号大顺。,明末社会矛盾激化，农民军流动作战入川。,献忠军克襄阳、武昌，1644年破成都，实施'屠蜀'政策（存争议）。,清军入川后，张献忠战死西充凤凰山，余部联明抗清。,'屠蜀'说见于《明史》，但近年考古发现成都城区未现大规模同期尸骨层，屠杀规模存疑:cite[5]:cite[7]。,成都望江楼传说为张献忠沉银处，2017年彭山江口考古出水金银印证此说,30.568437,104.529473,126,5
127,甘肃,甘州兵变,张掖市,,甘州兵变,军事叛乱,米喇印、丁国栋,顺治五年（1648年），甘州副将米喇印率回汉士兵反清，杀甘肃巡抚张文衡，控制河西走廊。,清廷强推剃发令，激化西北民族矛盾。,义军联合回、汉、蒙各族，一度东进兰州，后遭清军镇压。,标志明末清初西北反清斗争高潮，余部坚持至1650年。,传统史书称'回乱'，现代研究强调其反清复明性质:cite[4]。,张掖大佛寺藏经阁曾为义军指挥部，墙壁留弹痕,38.508199,100.428219,127,5
128,重庆,夔东十三家抗清,巫山县,,夔东十三家抗清,军事抵抗联盟,刘体纯、李来亨,清顺治至康熙初年（1646null1663年），以川鄂边区（今重庆巫山、奉节及湖北兴山等地）为根据地的南明余部与农民军联合抗清，形成'夔东十三家'，依托险峻山地长期抵抗。,南明政权崩溃后，李自成余部与南明将领联合，在夔东山区建立抗清基地。,利用茅麓山等地形构筑防御体系，推行屯田自给，多次击退清军围剿。1662年清廷调集川、陕、湖广三省兵力围困，最终在茅麓山决战中覆灭:cite[4]。,抗清势力彻底瓦解，清廷加强川东控制，但夔东抵抗成为明末清初最持久的反清斗争之一。,关于'十三家'具体组成存在争议，《南明史》与地方志记载略有差异，部分成员身份存疑。,民间传说李来亨自焚前高呼'宁作明朝鬼，不为清廷臣'，但正史无载。,31.047214,110.083199,128,5
130,四川,大小金川之役,阿坝藏族羌族自治州,,大小金川之役,边疆土司平叛战争,乾隆帝、莎罗奔（大金川）、索诺木（小金川）、傅恒、岳钟琪,1747null1776年清朝对川西藏区大、小金川土司发动的两次大规模征讨，涉及今四川阿坝州金川县、小金县。,土司间相互攻伐破坏边疆稳定，清朝试图推行改土归流。,首次战役（1747null1749）因地形复杂久攻不下，以和谈告终；第二次战役（1771null1776）动用60万兵力，采用碉堡战术层层推进，最终破刮耳崖（今金川县安宁镇）灭土司。,设懋功厅直接管辖，驻军屯田；耗费白银7000万两，成为清朝由盛转衰标志之一。,《平定两金川方略》详载战事，但清军伤亡数字（3万余人）或有隐瞒，藏文史料《金川纪事》称双方死亡超10万。,北京香山碉楼为训练攻碉所建，现存67座；金川民歌《刮耳崖》传唱战事惨烈。,31.0794,102.509664,130,5
132,甘肃,平定准噶尔（甘肃段）,酒泉市,,平定准噶尔（甘肃段）,西北边疆战役,乾隆帝、兆惠,1755null1759年清军经甘肃肃州（今酒泉）西征准噶尔，河西走廊成为重要后勤基地。,准噶尔部威胁西北边疆，控制丝绸之路贸易。,在酒泉设军需总库，年转运粮草50万石；1758年兆惠率军出嘉峪关征讨大小和卓。,设伊犁将军管辖新疆，甘肃布政使年增协饷银120万两。,《钦定皇舆西域图志》载「肃州驼马场畜驼四千，马二万」；但民间碑刻显示实际征用民驼超万峰。,酒泉鼓楼西壁现存「西陲保障」匾额，为乾隆西征所题。,40.179894,94.76792,132,5
134,陕西,陕西回民起义,西安市,,陕西回民起义,民族宗教冲突与反清起义,白彦虎、多隆阿、左宗棠,1862null1873年陕西回民因民族矛盾激化发动起义，波及整个关中地区。,太平天国运动削弱清廷控制，汉回土地纠纷与团练压迫导致冲突升级。,华州圣山村事件触发起义，回民军控制渭南、凤翔等地；清廷派多隆阿镇压，采取「剿抚并用」；左宗棠最终将残余势力驱逐至俄国（今哈萨克斯坦）。,陕西人口锐减约60%，关中「十室九空」；促成左宗棠「徙回置汉」政策。,死亡人数争议极大，《秦难见闻记》称死者超500万，现代研究估算约200万。,西安化觉巷清真大寺因回民保护得以保存，现存左宗棠「派兵护寺」手谕。,34.113209,108.617168,134,5
135,四川,保路运动,成都市,,保路运动,民众维权与革命导火索,蒲殿俊、罗纶、赵尔丰,1911年四川民众反对铁路国有化政策，成都爆发大规模抗议。,清廷强行收回川汉铁路筑路权，损害川民股权利益。,成都成立保路同志会，聚众数万请愿；赵尔丰制造「成都血案」，引发全川武装暴动；清军鄂军西调导致武昌空虚。,直接促成武昌起义，重庆于11月22日宣布独立。,「水电报」木牌确沿岷江漂流至乐山，现存实物藏于四川博物院。,荣县于1911年9月25日早于武昌宣布独立，为全国首个脱离清廷的县。,30.568437,104.529473,135,5
136,甘肃,左宗棠戡定新疆（甘肃后勤）,酒泉市,,左宗棠戡定新疆（甘肃后勤）,边疆收复战争后勤保障,左宗棠,1876null1878年左宗棠以肃州（今酒泉）为基地筹备西征，保障收复新疆的后勤。,阿古柏侵占新疆，俄国强占伊犁，西北边防危机。,在酒泉设「兰州制造局」仿造洋炮，开辟河西屯田区，采「缓进急战」策略；通过「甘新大道」运输军粮5000万斤。,1880年建酒泉「左公柳」行道树体系，现存古树153棵；促成新疆建省。,《左文襄公全集》载「用兵西北，首重粮运」，但实际粮耗占军费70%引发朝野争议。,左宗棠西征大营帐幕现存酒泉博物馆，为中国现存最大清代军用帐篷。,40.179894,94.76792,136,5
137,重庆,重庆开埠,渝中区,,重庆开埠,被迫开放通商口岸,李鸿章、英国领事,1891年根据《烟台条约续增专条》，重庆正式开放为通商口岸。,英国为打开西南市场，利用马嘉理案迫使清廷让步。,设立海关，南岸王家沱划为日租界；英美商行建货栈于朝天门。,四川土货出口增3倍，但冲击传统手工行业；加速长江航运近代化。,《重庆海关十年报告》称开埠首年进出口总值仅37万海关两，发展速度低于预期。,重庆现存最早西式建筑——英国领事馆（现重庆市外事办）建于1896年。,29.556808,106.563288,137,5
138,陕西,秦霸西戎,,,秦霸西戎,军事扩张,秦穆公、由余,秦国征服西戎诸部，成为西方霸主。,秦穆公继位后（前659年），欲突破崤函东进受阻，转而西向发展。,前623年，采用戎人由余策略，先后灭绵诸（今甘肃天水）、绲戎（陇东）、翟（陕西西部）等十二国，《史记》称“益国十二，开地千里”。,控制陇山东西通道，但未改变中原诸侯视秦为戎狄的认知。,《史记·秦本纪》与《左传》文公三年记载矛盾（《左传》仅记“遂霸西戎”），西戎十二国名称见于《后汉书·西羌传》但系东汉追述（存疑）。,由余原为晋人后裔，秦穆公以“女乐二八”赠戎王使其怠政的计谋出自《韩非子·十过》，真实性存疑。,34.336074,108.710914,14,1
139,甘肃,秦霸西戎,,,秦霸西戎,军事扩张,秦穆公、由余,秦国征服西戎诸部，成为西方霸主。,秦穆公继位后（前659年），欲突破崤函东进受阻，转而西向发展。,前623年，采用戎人由余策略，先后灭绵诸（今甘肃天水）、绲戎（陇东）、翟（陕西西部）等十二国，《史记》称“益国十二，开地千里”。,控制陇山东西通道，但未改变中原诸侯视秦为戎狄的认知。,《史记·秦本纪》与《左传》文公三年记载矛盾（《左传》仅记“遂霸西戎”），西戎十二国名称见于《后汉书·西羌传》但系东汉追述（存疑）。,由余原为晋人后裔，秦穆公以“女乐二八”赠戎王使其怠政的计谋出自《韩非子·十过》，真实性存疑。,38.508199,100.428219,14,1
140,四川,秦灭巴蜀,成都市,,秦灭巴蜀,军事征服,秦惠文王、司马错、张仪,秦国吞并巴国与蜀国，设立巴郡与蜀郡。,巴蜀内乱（苴蜀相攻），秦为获取“天府之国”资源并消除侧翼威胁。,前316年，司马错力排张仪伐韩之议，率军经金牛道灭蜀，同年乘势灭巴。,成都平原成为秦国粮仓，为东出提供战略支撑；重庆成巴郡治所。,《史记·张仪列传》与《华阳国志》互证，成都商业街船棺葬群（战国蜀王族墓）佐证政权更迭。,石牛便金传说（蜀王贪图秦国石牛排泄黄金而开道）见于《蜀王本纪》，但无考古证据。,30.568437,104.529473,17,1
141,重庆,秦灭巴蜀,重庆市,,秦灭巴蜀,军事征服,秦惠文王、司马错、张仪,秦国吞并巴国与蜀国，设立巴郡与蜀郡。,巴蜀内乱（苴蜀相攻），秦为获取“天府之国”资源并消除侧翼威胁。,前316年，司马错力排张仪伐韩之议，率军经金牛道灭蜀，同年乘势灭巴。,成都平原成为秦国粮仓，为东出提供战略支撑；重庆成巴郡治所。,《史记·张仪列传》与《华阳国志》互证，成都商业街船棺葬群（战国蜀王族墓）佐证政权更迭。,石牛便金传说（蜀王贪图秦国石牛排泄黄金而开道）见于《蜀王本纪》，但无考古证据。,29.556808,106.563288,17,1
142,甘肃,万里长城（秦长城）,,,万里长城（秦长城）,军事防御工程,秦始皇、蒙恬,连接并扩建战国秦、赵、燕长城，西起临洮（今甘肃岷县），东至辽东。,北击匈奴后为巩固边防，避免分段戍守的消耗。,前214年，蒙恬率军三十万，「因地形，用制险塞」，甘肃段沿用战国秦长城基础。,汉代继续沿用修缮；今甘肃临洮、陕西榆林仍有秦长城遗址。,《史记·蒙恬列传》明确记载，但「西起临洮」具体位置有甘肃岷县与临洮县两种说法争议。,民间传说「孟姜女哭长城」原型为春秋齐国杞梁妻故事，与秦长城无直接关联。,38.508199,100.428219,21,2
143,陕西,万里长城（秦长城）,,,万里长城（秦长城）,军事防御工程,秦始皇、蒙恬,连接并扩建战国秦、赵、燕长城，西起临洮（今甘肃岷县），东至辽东。,北击匈奴后为巩固边防，避免分段戍守的消耗。,前214年，蒙恬率军三十万，「因地形，用制险塞」，甘肃段沿用战国秦长城基础。,汉代继续沿用修缮；今甘肃临洮、陕西榆林仍有秦长城遗址。,《史记·蒙恬列传》明确记载，但「西起临洮」具体位置有甘肃岷县与临洮县两种说法争议。,民间传说「孟姜女哭长城」原型为春秋齐国杞梁妻故事，与秦长城无直接关联。,34.336074,108.710914,21,2
144,四川,郡县制,,,郡县制,行政区划改革,秦始皇,在征服巴蜀后设巴郡（今重庆）、蜀郡（今成都），推行中央集权管理。,前316年秦灭巴蜀后逐步消化，至始皇时全面推行郡县制。,废除巴蜀旧贵族统治，设郡守、县尉等流官，实施《秦律》与户籍制度。,奠定四川盆地行政框架，汉代延续并细分郡县。,《华阳国志》详载巴蜀建制沿革，但秦代基层治理细节因文献缺失存在研究空白。,秦昭襄王时期李冰修都江堰，为蜀郡治理重要基础，但属秦统一前举措。,28.326742,104.557271,22,2
145,重庆,郡县制,,,郡县制,行政区划改革,秦始皇,在征服巴蜀后设巴郡（今重庆）、蜀郡（今成都），推行中央集权管理。,前316年秦灭巴蜀后逐步消化，至始皇时全面推行郡县制。,废除巴蜀旧贵族统治，设郡守、县尉等流官，实施《秦律》与户籍制度。,奠定四川盆地行政框架，汉代延续并细分郡县。,《华阳国志》详载巴蜀建制沿革，但秦代基层治理细节因文献缺失存在研究空白。,秦昭襄王时期李冰修都江堰，为蜀郡治理重要基础，但属秦统一前举措。,29.556808,106.563288,22,2
146,甘肃,丝绸之路,,,丝绸之路,贸易与文化通道,汉武帝、张骞,以长安为起点，经甘肃河西走廊至西域的陆上贸易网络。,张骞通西域后，汉朝控制河西走廊并设立武威、张掖等郡。,商队从长安出发，沿渭河西行，经陇西郡（甘肃临洮）、敦煌出玉门关或阳关进入西域。,成为东西方交流主干道，佛教经此传入中原。,甘肃境内驿站遗址（如悬泉置）证实路线存在，但具体支线网络仍有学术争议。,罗马帝国称中国为「Seres」（丝国），丝绸贸易利润高达百倍。,38.508199,100.428219,29,2
147,陕西,丝绸之路,,,丝绸之路,贸易与文化通道,汉武帝、张骞,以长安为起点，经甘肃河西走廊至西域的陆上贸易网络。,张骞通西域后，汉朝控制河西走廊并设立武威、张掖等郡。,商队从长安出发，沿渭河西行，经陇西郡（甘肃临洮）、敦煌出玉门关或阳关进入西域。,成为东西方交流主干道，佛教经此传入中原。,甘肃境内驿站遗址（如悬泉置）证实路线存在，但具体支线网络仍有学术争议。,罗马帝国称中国为「Seres」（丝国），丝绸贸易利润高达百倍。,34.336074,108.710914,29,2
148,陕西,昭君出塞,,,昭君出塞,政治和亲,王昭君、呼韩邪单于,王昭君从长安出发，经北地郡（今甘肃庆阳）嫁匈奴单于。,汉元帝应呼韩邪单于请求实施和亲政策。,前33年，昭君出萧关（今宁夏固原），沿泾水北上进入匈奴领地。,维持汉匈和平数十年，「边城晏闭，牛马布野」。,出塞路线存在陕北直道与陇西通道两种说法，甘肃关联性存疑但可能涉及。,《后汉书》称昭君「乃请掖庭令求行」，主动请缨之说或为后世美化。,34.336074,108.710914,32,2
149,甘肃,昭君出塞,,,昭君出塞,政治和亲,王昭君、呼韩邪单于,王昭君从长安出发，经北地郡（今甘肃庆阳）嫁匈奴单于。,汉元帝应呼韩邪单于请求实施和亲政策。,前33年，昭君出萧关（今宁夏固原），沿泾水北上进入匈奴领地。,维持汉匈和平数十年，「边城晏闭，牛马布野」。,出塞路线存在陕北直道与陇西通道两种说法，甘肃关联性存疑但可能涉及。,《后汉书》称昭君「乃请掖庭令求行」，主动请缨之说或为后世美化。,38.508199,100.428219,32,2
150,四川,益州之战,成都市,,益州之战,割据政权更迭,刘备、刘璋,刘备入川夺取益州，建立蜀汉根基。,刘璋邀刘备助其对抗张鲁，后反目成仇。,212null214年，刘备从葭萌关（今四川广元）南下，围攻雒城（今四川广汉）一年，最终迫降成都。,刘备领益州牧，诸葛亮实施《蜀科》整顿吏治。,庞统中箭死于雒城为《三国志》确载，但「落凤坡」地名出自《三国演义》。,张飞义释严颜于江州（今重庆），加速蜀地平定。,30.568437,104.529473,40,2
151,重庆,益州之战,,,益州之战,割据政权更迭,刘备、刘璋,刘备入川夺取益州，建立蜀汉根基。,刘璋邀刘备助其对抗张鲁，后反目成仇。,212null214年，刘备从葭萌关（今四川广元）南下，围攻雒城（今四川广汉）一年，最终迫降成都。,刘备领益州牧，诸葛亮实施《蜀科》整顿吏治。,庞统中箭死于雒城为《三国志》确载，但「落凤坡」地名出自《三国演义》。,张飞义释严颜于江州（今重庆），加速蜀地平定。,29.556808,106.563288,40,2
152,陕西,齐万年起兵（氐）,,,齐万年起兵（氐）,民族起义,齐万年、晋将周处,氐族齐万年在秦雍地区（今陕甘交界）称帝反晋，持续三年。,西晋迁徙氐羌至关中，加剧民族矛盾。,296年齐万年率众起兵，围歼晋军于六陌（今陕西乾县），击杀名将周处；299年晋军联合匈奴刘渊部镇压。,起义虽败，但加速「五胡乱华」进程。,《晋书·惠帝纪》称齐万年「僭帝号」，但具体建制无考。,周处「除三害」典故主角，在此战中因权臣陷害孤军战死。,34.336074,108.710914,43,2
153,甘肃,齐万年起兵（氐）,,,齐万年起兵（氐）,民族起义,齐万年、晋将周处,氐族齐万年在秦雍地区（今陕甘交界）称帝反晋，持续三年。,西晋迁徙氐羌至关中，加剧民族矛盾。,296年齐万年率众起兵，围歼晋军于六陌（今陕西乾县），击杀名将周处；299年晋军联合匈奴刘渊部镇压。,起义虽败，但加速「五胡乱华」进程。,《晋书·惠帝纪》称齐万年「僭帝号」，但具体建制无考。,周处「除三害」典故主角，在此战中因权臣陷害孤军战死。,38.508199,100.428219,43,2
154,陕西,关陇起义,,,关陇起义,军民联合起义,莫折念生、万俟丑奴,524null531年秦州（今甘肃天水）、泾州（今甘肃泾川）等地军民反抗北魏统治。,六镇之乱引发西北防务崩溃，关陇地区赋役加重。,莫折大提在秦州起兵，其子莫折念生称帝；万俟丑奴在泾州建立政权，最西攻至凉州（今甘肃武威）。,尔朱荣派尔朱天光镇压，起义加速北魏分裂。,《北史·魏本纪》与出土墓志记载存在时间差，起义具体结束时间存疑。,万俟丑奴年号「神兽」，出土「神兽元年」钱币佐证其政权存在。,34.336074,108.710914,60,2
155,甘肃,关陇起义,,,关陇起义,军民联合起义,莫折念生、万俟丑奴,524null531年秦州（今甘肃天水）、泾州（今甘肃泾川）等地军民反抗北魏统治。,六镇之乱引发西北防务崩溃，关陇地区赋役加重。,莫折大提在秦州起兵，其子莫折念生称帝；万俟丑奴在泾州建立政权，最西攻至凉州（今甘肃武威）。,尔朱荣派尔朱天光镇压，起义加速北魏分裂。,《北史·魏本纪》与出土墓志记载存在时间差，起义具体结束时间存疑。,万俟丑奴年号「神兽」，出土「神兽元年」钱币佐证其政权存在。,38.508199,100.428219,60,2
156,陕西,宋金川陕争夺战,宝鸡市,,宋金川陕争夺战,战略要地争夺战,吴玠、吴璘、完颜宗弼（金兀术）,1130null1141年宋金在川陕交界地带展开长期拉锯战，核心区域包括和尚原（陕西宝鸡）、仙人关（甘肃徽县）等要隘。,金军试图突破长江防线失败后，转向争夺川陕以迂回攻宋。,1131年和尚原之战，吴玠以「叠阵」战术大破金军；1134年仙人关之战，宋军利用地形筑「杀金坪」阻敌。,巩固南宋西部防线，确保四川粮赋安全输入江南。,《宋史·吴玠传》详载战役细节，但金方史料《金史》称「天会九年，宗弼攻和尚原，败绩」存在年份差异。,吴玠在战前与士兵歃血为盟：「玠兄弟宁死剑外，决不弃川陕一步！」,34.377266,107.15567,100,4
157,陕西,宋金川陕争夺战,汉中市,,宋金川陕争夺战,战略要地争夺战,吴玠、吴璘、完颜宗弼（金兀术）,1130null1141年宋金在川陕交界地带展开长期拉锯战，核心区域包括和尚原（陕西宝鸡）、仙人关（甘肃徽县）等要隘。,金军试图突破长江防线失败后，转向争夺川陕以迂回攻宋。,1131年和尚原之战，吴玠以「叠阵」战术大破金军；1134年仙人关之战，宋军利用地形筑「杀金坪」阻敌。,巩固南宋西部防线，确保四川粮赋安全输入江南。,《宋史·吴玠传》详载战役细节，但金方史料《金史》称「天会九年，宗弼攻和尚原，败绩」存在年份差异。,吴玠在战前与士兵歃血为盟：「玠兄弟宁死剑外，决不弃川陕一步！」,32.831217,106.252283,100,4
158,甘肃,宋金川陕争夺战,陇南市,,宋金川陕争夺战,战略要地争夺战,吴玠、吴璘、完颜宗弼（金兀术）,1130null1141年宋金在川陕交界地带展开长期拉锯战，核心区域包括和尚原（陕西宝鸡）、仙人关（甘肃徽县）等要隘。,金军试图突破长江防线失败后，转向争夺川陕以迂回攻宋。,1131年和尚原之战，吴玠以「叠阵」战术大破金军；1134年仙人关之战，宋军利用地形筑「杀金坪」阻敌。,巩固南宋西部防线，确保四川粮赋安全输入江南。,《宋史·吴玠传》详载战役细节，但金方史料《金史》称「天会九年，宗弼攻和尚原，败绩」存在年份差异。,吴玠在战前与士兵歃血为盟：「玠兄弟宁死剑外，决不弃川陕一步！」,34.045335,104.392723,100,4
159,四川,宋金川陕争夺战,,,宋金川陕争夺战,战略要地争夺战,吴玠、吴璘、完颜宗弼（金兀术）,1130null1141年宋金在川陕交界地带展开长期拉锯战，核心区域包括和尚原（陕西宝鸡）、仙人关（甘肃徽县）等要隘。,金军试图突破长江防线失败后，转向争夺川陕以迂回攻宋。,1131年和尚原之战，吴玠以「叠阵」战术大破金军；1134年仙人关之战，宋军利用地形筑「杀金坪」阻敌。,巩固南宋西部防线，确保四川粮赋安全输入江南。,《宋史·吴玠传》详载战役细节，但金方史料《金史》称「天会九年，宗弼攻和尚原，败绩」存在年份差异。,吴玠在战前与士兵歃血为盟：「玠兄弟宁死剑外，决不弃川陕一步！」,28.326742,104.557271,100,4
160,陕西,宋金川陕争夺战,宝鸡市,,宋金川陕争夺战,战略要地争夺战,完颜宗弼（金兀术）、吴玠、吴璘,1130null1141年金军与宋军在川陕交界地带展开长期拉锯战，核心区域包括和尚原（陕西宝鸡）、仙人关（甘肃徽县）等要隘。,金军试图突破川陕防线以迂回攻宋，切断南宋与西北的联系。,1131年和尚原之战，金兀术率军攻宋，遭吴玠「叠阵」战术重创；1134年仙人关之战，金军十万围攻，吴璘死守杀金坪，最终败退。,金军未能突破川陕防线，南宋保住四川粮赋基地，双方转入对峙。,《金史·太宗纪》仅简略提及「宗弼攻和尚原，不利」，战役细节依赖宋方记载，存在叙事视角差异。,金兀术败退时剃须易容逃脱，金军传唱「撼山易，撼吴家军难」。,34.377266,107.15567,103,4
161,甘肃,宋金川陕争夺战,天水市,,宋金川陕争夺战,战略要地争夺战,完颜宗弼（金兀术）、吴玠、吴璘,1130null1141年金军与宋军在川陕交界地带展开长期拉锯战，核心区域包括和尚原（陕西宝鸡）、仙人关（甘肃徽县）等要隘。,金军试图突破川陕防线以迂回攻宋，切断南宋与西北的联系。,1131年和尚原之战，金兀术率军攻宋，遭吴玠「叠阵」战术重创；1134年仙人关之战，金军十万围攻，吴璘死守杀金坪，最终败退。,金军未能突破川陕防线，南宋保住四川粮赋基地，双方转入对峙。,《金史·太宗纪》仅简略提及「宗弼攻和尚原，不利」，战役细节依赖宋方记载，存在叙事视角差异。,金兀术败退时剃须易容逃脱，金军传唱「撼山易，撼吴家军难」。,34.78354,106.40256,103,4
162,甘肃,卫所制推行,张掖市,,卫所制推行,军事制度建立,朱元璋,1372年设陕西行都司（治甘州，今张掖）、四川行都司（治建昌，今西昌），陕西都司（治西安）管辖三省卫所。,巩固西北边防，镇压元朝残余势力，实施「高筑墙」战略。,甘肃设13卫3所，驻军9.6万；四川建「建昌六卫」控扼西南；陕西卫所兼顾防蒙与屯田。,形成「九边重镇」雏形，卫所军屯解决70%边军粮饷。,《明史·兵志》载全国329卫，其中陕甘川占18%，但实际驻军数随战事波动。,张掖钟鼓楼基座即明代甘州卫谯楼遗址，刻有「河西锁钥」匾额。,38.508199,100.428219,115,5
163,四川,卫所制推行,成都市,,卫所制推行,军事制度建立,朱元璋,1372年设陕西行都司（治甘州，今张掖）、四川行都司（治建昌，今西昌），陕西都司（治西安）管辖三省卫所。,巩固西北边防，镇压元朝残余势力，实施「高筑墙」战略。,甘肃设13卫3所，驻军9.6万；四川建「建昌六卫」控扼西南；陕西卫所兼顾防蒙与屯田。,形成「九边重镇」雏形，卫所军屯解决70%边军粮饷。,《明史·兵志》载全国329卫，其中陕甘川占18%，但实际驻军数随战事波动。,张掖钟鼓楼基座即明代甘州卫谯楼遗址，刻有「河西锁钥」匾额。,30.568437,104.529473,115,5
164,陕西,卫所制推行,西安市,,卫所制推行,军事制度建立,朱元璋,1372年设陕西行都司（治甘州，今张掖）、四川行都司（治建昌，今西昌），陕西都司（治西安）管辖三省卫所。,巩固西北边防，镇压元朝残余势力，实施「高筑墙」战略。,甘肃设13卫3所，驻军9.6万；四川建「建昌六卫」控扼西南；陕西卫所兼顾防蒙与屯田。,形成「九边重镇」雏形，卫所军屯解决70%边军粮饷。,《明史·兵志》载全国329卫，其中陕甘川占18%，但实际驻军数随战事波动。,张掖钟鼓楼基座即明代甘州卫谯楼遗址，刻有「河西锁钥」匾额。,34.113209,108.617168,115,5
165,陕西,三藩之乱（陕西null四川战场）,汉中市,,三藩之乱（陕西null四川战场）,地方割据叛乱,吴三桂、王屏藩、郑蛟麟,1674null1681年，吴三桂叛军部将王屏藩攻占汉中，郑蛟麟占据四川，与清军在陕南、川北长期对峙。,吴三桂起兵反清后，试图通过控制川陕切断清军西北补给线。,1674年王屏藩破汉中，清将图海率军坚守西安；郑蛟麟陷成都，清廷急调赵良栋入川平叛。,1680年清军收复汉中、成都，叛军退守云南；此战导致清廷强化西南「改土归流」政策。,《清史稿·圣祖本纪》载「屏藩陷汉中，犯西安」，但具体战役规模存在清方记载夸大嫌疑。,王屏藩自刎前焚毁所有文书，称「勿使天下知我虚实」，致其战术细节多失传。,32.831217,106.252283,129,5
166,四川,三藩之乱（陕西null四川战场）,成都市,,三藩之乱（陕西null四川战场）,地方割据叛乱,吴三桂、王屏藩、郑蛟麟,1674null1681年，吴三桂叛军部将王屏藩攻占汉中，郑蛟麟占据四川，与清军在陕南、川北长期对峙。,吴三桂起兵反清后，试图通过控制川陕切断清军西北补给线。,1674年王屏藩破汉中，清将图海率军坚守西安；郑蛟麟陷成都，清廷急调赵良栋入川平叛。,1680年清军收复汉中、成都，叛军退守云南；此战导致清廷强化西南「改土归流」政策。,《清史稿·圣祖本纪》载「屏藩陷汉中，犯西安」，但具体战役规模存在清方记载夸大嫌疑。,王屏藩自刎前焚毁所有文书，称「勿使天下知我虚实」，致其战术细节多失传。,30.568437,104.529473,129,5
167,四川,改土归流（川渝地区）,凉山彝族自治州,,改土归流（川渝地区）,边疆治理改革,鄂尔泰、雍正帝,1726null1731年在四川建昌（今凉山）、重庆酉阳等地废除世袭土司，改设流官。,土司割据阻碍中央政令，鄂尔泰提出「改流之法，计擒为上，兵剿次之」。,武力镇压凉山沙马土司叛乱，和平改流酉阳冉氏土司；设宁远府（西昌）、酉阳直隶州。,引发大小金川之役；至乾隆末年四川仅存明正、德格等少数土司。,凉山地区改流不彻底，《清史稿》承认「建昌六卫，实土半存」；重庆酉阳改流时间有1728与1732年两说。,酉阳龙潭镇万寿宫现存「改土归流碑」，记载「永不复设土官」政策。,27.235621,102.89338,131,5
168,重庆,改土归流（川渝地区）,酉阳土家族苗族自治县,,改土归流（川渝地区）,边疆治理改革,鄂尔泰、雍正帝,1726null1731年在四川建昌（今凉山）、重庆酉阳等地废除世袭土司，改设流官。,土司割据阻碍中央政令，鄂尔泰提出「改流之法，计擒为上，兵剿次之」。,武力镇压凉山沙马土司叛乱，和平改流酉阳冉氏土司；设宁远府（西昌）、酉阳直隶州。,引发大小金川之役；至乾隆末年四川仅存明正、德格等少数土司。,凉山地区改流不彻底，《清史稿》承认「建昌六卫，实土半存」；重庆酉阳改流时间有1728与1732年两说。,酉阳龙潭镇万寿宫现存「改土归流碑」，记载「永不复设土官」政策。,28.792138,108.628529,131,5
169,陕西,川楚教乱,汉中市,,川楚教乱,大规模民变,王聪儿、姚之富、嘉庆帝,1796null1804年白莲教在川陕楚交界地区（今陕西汉中、四川达州、重庆巫溪）发动起义。,人口压力与土地兼并加剧，白莲教秘密传播。,采用「流动战」转战三省，清廷推行「坚壁清野」；1800年王聪儿在郧西跳崖，残部坚持至1804年。,耗费白银2亿两，八旗军衰败，湘军势力萌芽；促成《三省边防备览》编纂。,死亡人数争议极大，魏源《圣武记》称「死者数百万」，地方志统计陕南人口减少40%。,重庆巫溪宁厂古镇盐场遗址可见当年清军封锁盐道的壕沟遗迹。,32.831217,106.252283,133,5
170,四川,川楚教乱,达州市,,川楚教乱,大规模民变,王聪儿、姚之富、嘉庆帝,1796null1804年白莲教在川陕楚交界地区（今陕西汉中、四川达州、重庆巫溪）发动起义。,人口压力与土地兼并加剧，白莲教秘密传播。,采用「流动战」转战三省，清廷推行「坚壁清野」；1800年王聪儿在郧西跳崖，残部坚持至1804年。,耗费白银2亿两，八旗军衰败，湘军势力萌芽；促成《三省边防备览》编纂。,死亡人数争议极大，魏源《圣武记》称「死者数百万」，地方志统计陕南人口减少40%。,重庆巫溪宁厂古镇盐场遗址可见当年清军封锁盐道的壕沟遗迹。,30.8619,107.462161,133,5
171,重庆,川楚教乱,巫溪县,,川楚教乱,大规模民变,王聪儿、姚之富、嘉庆帝,1796null1804年白莲教在川陕楚交界地区（今陕西汉中、四川达州、重庆巫溪）发动起义。,人口压力与土地兼并加剧，白莲教秘密传播。,采用「流动战」转战三省，清廷推行「坚壁清野」；1800年王聪儿在郧西跳崖，残部坚持至1804年。,耗费白银2亿两，八旗军衰败，湘军势力萌芽；促成《三省边防备览》编纂。,死亡人数争议极大，魏源《圣武记》称「死者数百万」，地方志统计陕南人口减少40%。,重庆巫溪宁厂古镇盐场遗址可见当年清军封锁盐道的壕沟遗迹。,31.399797,109.625592,133,5
